id,age,income_k,credit_score,clicks_7d,is_premium,email_verified,city,segment,tenure_bucket,device,tier
306,23,47.78,62.5,4,False,True,,B,,Android,Silver
622,32,55.44,79.5,6,True,True,Kochi,A,,Web,Gold
704,31,33.81,75.3,4,False,True,Bengaluru,A,3-5y,Android,Gold
458,24,13.8,78.5,8,False,True,Delhi,D,1-3y,Android,Bronze
171,26,15.79,75.0,4,False,True,,A,5+y,iOS,Bronze
1174,23,87.21,90.0,5,False,True,Indore,A,1-3y,iOS,Gold
854,32,174.83,60.3,2,False,False,Indore,,1-3y,Web,Gold
35,38,43.47,80.1,5,False,True,Surat,C,5+y,Android,Gold
1023,36,38.07,46.8,2,False,False,Ahmedabad,A,,Android,Bronze
489,24,33.6,73.0,2,False,False,Gurgaon,D,,Web,Silver
494,36,27.1,64.6,3,True,True,Coimbatore,D,3-5y,Android,Silver
883,22,19.25,66.0,7,False,True,Ahmedabad,D,5+y,iOS,Silver
645,29,17.66,89.2,9,False,True,Lucknow,A,New,iOS,Gold
752,29,41.56,,4,False,True,Other,d,3-5y,iOS,Gold
819,34,50.01,44.6,5,True,True,Coimbatore,A,1-3y,Web,Silver
263,34,22.71,47.5,4,True,True,Surat,A,New,Android,Bronze
747,48,24.01,80.3,1,False,False,Other,b,1-3y,Android,Bronze
364,22,19.33,79.7,2,False,False,Lucknow,,1-3y,Android,Silver
64,37,28.4,73.1,5,False,True,Surat,C,1-3y,Web,Silver
447,42,34.01,70.4,2,False,True,Kochi,B,New,Web,Silver
875,18,37.46,90.3,2,False,True,Trichy,B,New,Web,Gold
359,24,56.67,92.6,3,False,True,Mumbai,B,1-3y,Android,Gold
421,33,49.89,,6,False,True,Kolkata,D,3-5y,iOS,Silver
52,38,,39.3,5,False,False,Goa,B,New,Android,Silver
984,39,20.92,75.6,0,False,True,Vizag,A,5+y,iOS,Silver
1101,42,27.73,72.4,11,False,True,Jaipur,A,1-3y,Android,Gold
1035,27,21.85,74.5,4,False,False,Mumbai,A,New,Android,Silver
789,22,23.31,55.3,2,False,True,Delhi,B,3-5y,iOS,Bronze
745,33,29.47,75.6,6,False,True,Coimbatore,E,3-5y,Android,Silver
225,33,40.12,64.1,7,False,True,Hyderabad,C,New,Android,Silver
509,27,63.81,53.2,7,False,False,Other,B,3-5y,Android,Gold
485,31,25.55,60.6,7,False,True,Goa,D,New,Android,Bronze
406,30,76.65,36.6,3,False,False,Bengaluru,C,5+y,iOS,Silver
1038,27,34.56,89.7,1,False,True,Ahmedabad,C,New,Web,Gold
351,35,15.34,76.3,0,True,True,Coimbatore,C,1-3y,iOS,Bronze
265,36,260.43,90.9,5,False,False,Bhopal,D,1-3y,Web,Gold
965,32,50.65,,2,False,True,Gurgaon,A,5+y,Android,Silver
99,36,19.21,68.0,3,True,True,Kolkata,C,1-3y,iOS,Silver
1026,29,41.31,68.6,3,False,True,Jaipur,B,1-3y,Android,Silver
537,27,17.11,61.0,1,False,False,Surat,A,1-3y,Android,Bronze
446,19,37.4,31.5,2,False,False,Thiruvananthapuram,A,5+y,Web,Bronze
47,40,28.95,66.9,0,True,True,Lucknow,A,New,iOS,Silver
1052,30,34.67,74.9,3,False,True,Noida,C,3-5y,Android,Silver
1139,31,64.68,40.3,4,False,True,Goa,B,1-3y,Android,Gold
604,26,28.99,68.1,5,True,True,Bengaluru,B,3-5y,Android,Gold
902,33,14.14,66.9,9,False,False,Thiruvananthapuram,A,3-5y,Android,Silver
638,22,31.5,65.7,3,True,True,Nagpur,D,3-5y,Web,Silver
504,18,10.11,64.2,6,False,True,Noida,B,New,Android,Bronze
769,20,28.66,81.5,2,False,True,Bhopal,A,New,iOS,Gold
700,30,20.1,55.7,1,True,False,Noida,A,New,iOS,Bronze
400,26,20.19,87.9,1,False,False,Thiruvananthapuram,D,1-3y,Android,Bronze
740,18,23.37,69.8,2,False,True,Vizag,,New,Web,Bronze
1110,40,41.93,67.8,5,True,True,Ahmedabad,A,1-3y,Android,Gold
326,39,65.73,57.3,0,False,False,Goa,D,5+y,Android,Silver
335,32,680.94,78.1,4,False,True,,B,New,iOS,Gold
779,33,,52.3,2,False,True,Noida,E,New,Web,Bronze
208,21,51.97,70.5,6,False,False,Coimbatore,C,1-3y,Web,Gold
1049,23,35.24,71.7,1,False,True,Thiruvananthapuram,C,5+y,iOS,Gold
177,46,49.31,,2,False,False,Mysuru,C,New,iOS,Silver
1089,38,61.95,61.8,0,False,False,Bengaluru,D,New,Android,Bronze
628,44,85.59,48.0,5,False,True,Goa,A,3-5y,iOS,Gold
386,25,14.89,68.7,2,True,True,Madurai,C,1-3y,Web,Bronze
453,50,48.77,54.2,3,False,True,Hyderabad,B,New,iOS,Bronze
102,44,11.54,72.0,5,True,True,Surat,C,New,iOS,Bronze
356,34,25.7,49.5,0,False,True,Other,C,New,Android,Bronze
114,19,45.35,79.5,5,True,True,Kolkata,d,1-3y,Android,Gold
610,37,61.6,39.1,7,False,False,Nagpur,A,New,Android,Bronze
1183,25,15.63,86.4,7,False,True,Coimbatore,D,3-5y,iOS,Silver
1063,28,39.18,88.4,4,False,True,Noida,D,,Android,Gold
904,46,55.52,42.0,2,False,True,Other,,1-3y,iOS,Bronze
852,28,18.52,76.6,4,False,True,Other,D,5+y,iOS,Bronze
778,36,40.93,70.1,7,False,False,Kochi,D,5+y,iOS,Silver
524,30,,89.4,1,False,False,Hyderabad,D,New,Android,Gold
519,40,50.69,68.2,4,True,False,Vijayawada,B,New,iOS,Gold
455,33,31.89,45.9,2,False,True,Thiruvananthapuram,B,New,iOS,Bronze
1165,23,146.17,55.2,2,False,True,Mysuru,D,1-3y,iOS,Gold
751,32,118.73,98.5,2,False,False,Vijayawada,A,3-5y,Android,Gold
10,24,42.77,68.2,2,False,True,Noida,E,1-3y,Android,Silver
54,29,42.88,91.7,4,True,True,Lucknow,C,1-3y,iOS,Gold
1191,46,12.35,51.4,6,False,True,Goa,A,5+y,Web,Bronze
880,32,21.95,67.7,5,False,True,,A,1-3y,iOS,Silver
397,39,,48.7,1,True,True,Ahmedabad,A,1-3y,Android,Bronze
1185,32,,77.8,2,False,False,Nagpur,B,1-3y,Web,Silver
1170,29,56.04,85.0,4,False,True,,D,5+y,Android,Gold
206,32,53.21,72.3,3,True,True,Mumbai,B,3-5y,Android,Gold
971,29,22.74,60.7,2,False,True,Lucknow,B,3-5y,Web,Silver
884,21,39.62,71.3,3,False,True,Other,A,3-5y,Web,Gold
587,21,66.84,,2,True,True,Other,D,5+y,Web,Silver
468,49,36.36,23.9,0,False,False,Ahmedabad,D,3-5y,iOS,Bronze
1121,36,45.74,53.0,4,False,False,Noida,B,1-3y,Android,Silver
774,44,92.33,52.2,5,False,True,Trichy,C,3-5y,Web,Gold
856,32,50.05,76.7,5,True,True,Bhopal,A,3-5y,Android,Gold
837,29,28.16,100.0,1,True,True,,,New,Web,Gold
1163,30,29.92,75.9,8,True,True,Coimbatore,C,5+y,Android,Gold
472,28,15.08,53.7,5,False,True,Gurgaon,B,1-3y,Android,Bronze
507,54,28.3,66.8,2,False,False,Jaipur,E,New,Android,Bronze
668,36,52.74,48.1,8,False,True,Kolkata,A,3-5y,Android,Silver
456,33,89.21,55.3,6,False,True,Other,A,3-5y,Web,Gold
686,28,42.05,63.0,0,False,False,Bengaluru,A,1-3y,iOS,Bronze
264,27,46.76,45.5,4,True,False,Nagpur,A,3-5y,Android,Silver
475,38,237.73,65.4,2,False,True,Surat,C,New,Android,Gold
1124,30,36.55,85.2,2,False,True,Kolkata,A,3-5y,Android,Gold
111,36,18.98,84.0,2,True,True,Kolkata,B,1-3y,Android,Silver
375,37,16.33,73.7,5,False,False,Other,C,5+y,Web,Bronze
1048,37,24.11,60.4,0,False,True,Other,C,3-5y,iOS,Bronze
548,23,43.16,56.5,12,False,True,Other,C,New,Web,Gold
1198,24,32.83,41.3,1,True,True,Trichy,C,1-3y,Android,Bronze
84,29,56.26,63.4,13,False,True,Mysuru,D,1-3y,Android,Gold
281,36,46.51,62.5,0,False,True,Coimbatore,C,3-5y,Web,Bronze
110,18,30.0,50.5,8,False,False,Lucknow,A,New,Android,Silver
55,28,24.37,61.8,6,True,True,Vizag,C,New,Android,Silver
1071,30,45.66,77.9,1,False,True,Ahmedabad,E,1-3y,Android,Silver
173,28,45.37,73.8,5,False,True,Mumbai,B,New,Web,Silver
649,33,29.39,55.0,2,False,True,Kochi,D,5+y,Android,Bronze
279,43,29.29,80.7,5,False,True,Jaipur,A,3-5y,Android,Gold
612,34,12.26,80.7,2,False,False,Thiruvananthapuram,E,3-5y,iOS,Bronze
129,26,33.92,83.6,2,True,True,Other,B,New,iOS,Gold
413,26,35.47,69.6,1,False,False,Indore,B,5+y,iOS,Bronze
98,23,25.24,50.9,3,False,True,Gurgaon,B,1-3y,Android,Bronze
1034,36,86.73,84.8,0,True,True,Bengaluru,D,New,iOS,Gold
142,23,45.95,,2,False,True,Indore,C,1-3y,Android,Bronze
147,26,43.47,37.1,7,False,False,Mumbai,D,1-3y,Android,Bronze
180,35,81.67,57.3,2,False,True,Ahmedabad,D,3-5y,Android,Silver
1134,44,35.65,100.0,5,False,False,Bengaluru,D,New,iOS,Silver
979,19,50.6,58.7,2,False,False,Kochi,B,1-3y,Web,Bronze
319,41,30.54,65.2,0,False,True,Goa,B,1-3y,iOS,Bronze
41,39,73.3,78.6,2,True,True,Hyderabad,e,1-3y,Web,Gold
1132,30,,85.9,0,False,False,,A,3-5y,Android,Bronze
13,33,32.78,92.2,3,False,True,Lucknow,C,3-5y,Web,Gold
570,34,170.29,63.6,3,False,True,,A,1-3y,Web,Gold
1106,38,27.69,63.9,2,False,True,Jaipur,A,New,Android,Bronze
510,36,33.18,63.1,8,False,False,Hyderabad,,3-5y,Web,Gold
511,18,26.38,55.8,3,False,True,Goa,B,5+y,iOS,Bronze
929,30,45.81,51.4,7,False,True,Surat,D,New,Android,Bronze
273,31,36.05,52.2,5,True,True,Nagpur,B,New,Web,Bronze
1160,19,86.18,51.1,1,False,True,Nagpur,E,1-3y,iOS,Gold
271,26,38.57,100.0,5,False,True,,C,3-5y,iOS,Gold
641,19,26.29,45.6,1,False,True,Ahmedabad,D,New,iOS,Bronze
838,45,62.82,72.7,8,False,False,Coimbatore,D,1-3y,Web,Gold
352,40,24.38,77.6,5,False,False,Pune,C,New,iOS,Silver
1086,28,44.34,39.4,7,False,True,Vizag,,New,Android,Silver
864,33,44.75,64.5,4,True,True,Hyderabad,C,1-3y,Android,Gold
688,45,40.53,53.4,6,False,False,Vijayawada,A,5+y,Android,Silver
549,38,27.71,,1,False,True,Kolkata,E,1-3y,Android,Bronze
448,29,69.1,94.2,1,False,True,Pune,D,3-5y,iOS,Gold
771,48,31.9,78.6,1,False,True,Nagpur,D,1-3y,iOS,Silver
152,23,49.48,89.9,7,True,True,,B,5+y,Android,Gold
229,24,52.06,72.4,0,True,True,Gurgaon,B,3-5y,Android,Silver
621,28,11.39,67.3,1,False,True,Madurai,C,New,Android,Bronze
18,23,74.78,63.3,6,True,True,Bhopal,A,5+y,Web,Gold
962,33,21.61,,4,True,True,Delhi,D,New,Web,Silver
1032,34,20.08,73.9,3,False,True,Hyderabad,A,1-3y,Android,Bronze
1036,32,155.77,47.1,6,True,True,Kochi,B,3-5y,Web,Gold
1164,18,47.3,82.9,9,False,True,Bhopal,A,New,iOS,Gold
116,27,99.7,,3,False,True,Other,B,1-3y,Android,Gold
190,47,21.95,50.7,2,False,False,,D,3-5y,Web,Bronze
703,23,50.6,81.0,6,True,True,Kolkata,D,New,Android,Gold
624,26,51.77,55.0,1,True,True,Nagpur,B,1-3y,Web,Silver
141,36,23.42,77.4,7,False,True,Hyderabad,C,1-3y,Android,Silver
254,23,29.22,84.3,3,False,True,Other,D,5+y,Android,Silver
923,33,23.27,48.9,5,False,True,Other,A,1-3y,iOS,Silver
380,28,43.92,55.7,2,False,False,Delhi,A,1-3y,Android,Bronze
1065,26,47.23,84.6,0,False,True,Lucknow,d,3-5y,iOS,Silver
970,32,25.88,,4,False,False,Other,A,1-3y,iOS,Silver
1020,38,16.04,69.0,1,False,True,Noida,A,1-3y,Web,Bronze
890,18,46.97,57.1,2,False,True,Bengaluru,b,New,Android,Bronze
221,30,32.23,84.3,4,False,True,Vijayawada,A,1-3y,Web,Gold
665,31,42.59,65.8,3,False,True,Other,a,3-5y,Android,Gold
109,40,7.88,52.8,0,True,True,Delhi,E,1-3y,Android,Bronze
666,18,39.6,,2,False,True,Kochi,A,1-3y,Android,Silver
307,29,11.4,58.6,7,False,True,Other,A,1-3y,iOS,Silver
987,19,33.96,86.9,3,False,True,,C,5+y,Android,Silver
100,24,21.36,71.6,6,True,False,Kolkata,C,New,iOS,Bronze
558,23,126.4,65.2,4,True,False,Madurai,D,1-3y,iOS,Gold
232,27,21.79,52.1,4,False,False,Delhi,A,1-3y,iOS,Bronze
514,31,34.12,88.2,6,True,True,Madurai,B,New,Web,Gold
916,42,31.49,55.0,1,False,False,Other,B,5+y,Android,Bronze
217,37,123.76,42.7,7,False,True,Hyderabad,C,1-3y,Android,Gold
1190,31,,93.7,2,False,False,Bhopal,A,3-5y,Android,Silver
290,31,40.07,70.0,2,False,True,Bengaluru,D,5+y,iOS,Gold
390,19,28.27,66.9,2,True,True,Chennai,E,1-3y,Android,Bronze
1161,21,86.12,83.4,8,False,True,Gurgaon,C,New,Android,Gold
675,40,20.22,61.6,1,False,True,Vijayawada,D,New,Android,Bronze
532,24,35.7,60.0,4,False,False,Kochi,A,3-5y,Android,Silver
284,36,43.54,59.1,2,False,True,,A,5+y,Android,Silver
636,29,38.12,80.8,0,False,True,Thiruvananthapuram,A,3-5y,Web,Silver
592,34,36.16,,8,False,False,Other,A,New,Android,Silver
24,31,55.85,54.5,7,False,False,Mysuru,E,1-3y,Web,Bronze
642,38,36.54,52.8,3,False,True,Goa,A,New,Android,Silver
427,39,10.0,,3,False,True,Nagpur,D,1-3y,Android,Bronze
748,37,22.03,72.0,4,False,True,Kochi,C,5+y,Android,Silver
205,18,26.39,58.0,2,False,True,Mysuru,A,5+y,iOS,Bronze
187,34,72.17,64.7,1,False,False,Pune,C,5+y,Android,Gold
409,18,,,4,False,False,Pune,C,1-3y,Android,Bronze
362,35,39.22,100.0,5,False,True,Other,B,1-3y,Android,Gold
285,22,55.7,40.7,1,False,True,Other,B,New,iOS,Bronze
124,44,105.5,97.4,5,False,True,Kochi,E,1-3y,Android,Gold
1099,41,27.47,75.8,5,False,True,Goa,c,1-3y,Android,Bronze
797,41,42.92,57.6,5,False,True,Coimbatore,A,1-3y,iOS,Gold
1046,24,25.82,81.1,2,False,False,Chennai,C,1-3y,iOS,Silver
309,37,108.95,73.3,2,False,True,Jaipur,A,New,Web,Gold
579,30,19.6,72.3,2,True,True,Ahmedabad,A,New,Android,Bronze
996,35,,44.3,3,False,True,Mumbai,C,New,Web,Bronze
672,34,26.66,94.6,1,False,False,Chennai,B,1-3y,iOS,Gold
148,31,24.28,54.8,9,False,True,Other,D,3-5y,Web,Silver
921,29,49.28,41.8,2,False,True,Ahmedabad,A,1-3y,iOS,Silver
484,37,71.37,76.3,1,False,True,Vijayawada,D,3-5y,Android,Gold
968,25,14.18,72.9,3,False,True,Mysuru,A,New,Android,Bronze
71,21,84.57,74.2,3,True,True,Madurai,B,3-5y,Android,Gold
378,18,,49.3,3,False,False,Vizag,A,New,Android,Bronze
518,26,27.16,58.3,9,True,True,Coimbatore,A,3-5y,Android,Bronze
172,36,57.3,56.2,5,True,True,Bengaluru,C,5+y,Web,Gold
286,28,23.27,66.7,3,True,True,,D,3-5y,iOS,Silver
169,31,72.05,60.1,12,False,True,Coimbatore,A,New,iOS,Gold
867,20,61.73,65.8,10,False,True,Bhopal,C,3-5y,Android,Gold
1013,27,73.9,57.5,2,False,True,Trichy,B,1-3y,Web,Silver
569,37,21.92,67.1,2,False,False,Other,B,New,Android,Bronze
126,35,61.83,75.7,5,False,True,Other,D,5+y,Web,Gold
432,36,23.0,77.1,1,False,True,Kochi,D,New,Android,Silver
408,39,40.43,31.4,4,False,False,Other,b,New,Android,Bronze
165,40,29.47,64.2,0,False,True,Hyderabad,B,1-3y,iOS,Bronze
981,36,116.61,56.9,7,True,True,Delhi,A,New,Web,Gold
627,28,58.3,92.4,3,False,False,Ahmedabad,A,1-3y,Web,Gold
836,24,54.46,79.6,4,True,True,Gurgaon,C,5+y,iOS,Gold
832,46,27.68,,4,True,True,Thiruvananthapuram,A,3-5y,iOS,Gold
43,26,91.67,56.0,9,False,True,Bengaluru,D,5+y,Android,Gold
1188,35,52.45,70.2,0,False,True,Jaipur,A,1-3y,iOS,Gold
906,51,27.4,56.2,6,False,True,Bhopal,A,New,Android,Bronze
772,44,30.68,47.7,7,False,True,Madurai,A,5+y,iOS,Bronze
133,38,58.81,56.8,7,False,True,Nagpur,D,New,Android,Silver
542,25,81.84,76.1,1,False,True,Goa,A,New,Android,Gold
951,18,35.07,67.0,2,False,False,Kolkata,C,5+y,Android,Silver
39,25,51.02,87.8,4,True,True,,D,3-5y,Android,Gold
545,30,52.53,58.7,7,False,False,Mumbai,D,3-5y,iOS,Silver
857,35,27.69,78.7,3,False,True,Thiruvananthapuram,B,3-5y,Web,Silver
573,34,,83.9,12,False,True,Other,C,3-5y,iOS,Gold
889,18,25.69,55.7,4,False,True,Vijayawada,A,3-5y,Android,Silver
913,37,59.94,68.4,1,True,True,Coimbatore,C,New,Android,Silver
903,31,24.52,61.2,3,False,True,Goa,C,New,iOS,Bronze
493,29,16.98,46.0,3,False,True,Mysuru,B,3-5y,Web,Bronze
14,42,24.53,51.8,5,True,True,Delhi,C,1-3y,Android,Bronze
167,40,19.54,82.1,8,False,True,Bhopal,D,1-3y,iOS,Silver
715,30,260.63,54.3,3,False,True,Indore,B,New,Web,Gold
253,48,34.27,67.6,1,False,True,Other,D,1-3y,Android,Silver
508,36,41.89,69.8,4,False,True,Gurgaon,B,New,Web,Silver
709,30,28.05,77.9,8,False,True,Mysuru,D,New,Web,Silver
1184,38,27.33,68.9,4,True,False,Madurai,A,3-5y,Android,Silver
894,32,,31.1,3,False,False,Other,A,New,iOS,Bronze
433,31,39.35,56.6,4,False,True,Bhopal,A,5+y,Android,Silver
937,22,235.79,,6,True,True,Noida,B,3-5y,iOS,Gold
21,30,35.44,85.7,3,False,False,,b,1-3y,Web,Gold
698,23,46.59,70.1,5,False,True,Coimbatore,A,3-5y,Android,Gold
72,22,80.59,74.5,6,True,True,Bengaluru,A,1-3y,iOS,Gold
669,27,29.62,84.0,4,False,True,Lucknow,C,1-3y,iOS,Silver
410,20,29.4,56.9,13,False,True,Delhi,A,1-3y,Web,Silver
61,18,,81.2,1,False,True,Chennai,D,5+y,Android,Gold
961,47,27.26,93.2,1,True,False,Gurgaon,C,New,Web,Gold
5,18,25.39,69.9,2,False,True,Delhi,C,New,Android,Bronze
591,21,14.59,54.9,5,False,True,Other,C,1-3y,Android,Bronze
595,20,13.11,100.0,4,False,False,Bhopal,E,New,Android,Silver
419,31,43.4,72.7,2,False,True,,B,1-3y,Web,Silver
651,49,25.52,52.6,1,True,True,Lucknow,E,New,Android,Bronze
713,23,246.49,50.2,6,False,True,Other,C,1-3y,Android,Gold
541,18,29.33,60.9,5,False,True,Gurgaon,D,New,Web,Bronze
499,18,13.96,86.1,2,True,True,Gurgaon,D,1-3y,Android,Silver
796,31,45.05,89.2,1,False,True,Lucknow,A,New,iOS,Silver
1073,30,51.39,67.7,4,False,True,Mumbai,D,5+y,iOS,Gold
95,18,41.84,84.9,3,True,True,Other,C,3-5y,Web,Gold
96,19,57.82,90.2,7,False,,Mumbai,A,5+y,Android,Gold
527,45,21.65,57.7,0,False,True,Mysuru,B,New,iOS,Bronze
1117,42,30.99,69.6,3,True,True,Bhopal,A,New,iOS,Silver
705,41,51.05,79.6,11,False,True,Vijayawada,C,1-3y,Web,Gold
707,24,,,5,False,False,Other,D,5+y,Android,Silver
59,24,94.54,63.9,1,True,False,Hyderabad,B,1-3y,Android,Gold
337,26,54.83,52.2,7,False,True,Coimbatore,b,New,Web,Silver
317,33,24.51,70.8,10,False,True,Other,D,5+y,Android,Gold
758,40,18.74,56.1,8,False,False,Mumbai,A,1-3y,Web,Bronze
25,28,,76.5,6,False,False,Noida,,3-5y,iOS,Bronze
656,35,24.82,73.2,4,False,True,Kolkata,B,3-5y,iOS,Silver
245,51,33.55,63.9,3,False,True,Lucknow,D,New,Android,Bronze
26,29,48.44,53.6,2,False,True,Other,D,New,Web,Bronze
223,34,,45.8,2,False,True,Kolkata,C,3-5y,iOS,Bronze
598,39,33.48,65.1,6,False,False,Indore,D,New,Android,Silver
106,30,9.28,67.7,1,True,True,Pune,A,New,Android,Bronze
1082,31,36.58,73.5,2,False,True,Goa,C,New,iOS,Bronze
131,28,12.93,36.3,4,False,False,Kochi,A,5+y,Android,Bronze
154,28,44.09,,2,False,True,Delhi,A,1-3y,Android,Gold
854,32,174.83,60.3,2,False,False,Indore,,1-3y,Web,Gold
960,36,24.12,72.9,2,True,True,Vizag,C,1-3y,Web,Silver
830,18,27.92,64.1,5,True,True,Thiruvananthapuram,D,New,Android,Silver
676,35,13.28,68.8,5,False,True,Coimbatore,A,1-3y,iOS,Bronze
76,38,36.78,,2,False,True,Delhi,C,1-3y,iOS,Silver
930,33,65.36,,5,False,True,Other,D,New,Android,Silver
1066,31,56.06,70.3,4,False,True,Other,C,New,Android,Gold
340,37,83.62,36.3,5,True,True,Mumbai,A,1-3y,Web,Silver
1145,32,56.75,,9,False,False,Ahmedabad,A,5+y,Android,Gold
972,31,20.08,93.9,7,False,True,Other,,New,Android,Gold
739,18,25.02,72.2,3,True,False,Jaipur,B,5+y,Android,Silver
200,31,16.72,60.9,2,True,True,Vijayawada,E,3-5y,iOS,Bronze
1090,30,15.23,71.1,5,True,True,Nagpur,c,3-5y,iOS,Silver
135,19,45.55,63.7,4,True,False,Madurai,C,New,Web,Silver
398,34,41.41,46.1,1,False,True,Kolkata,A,1-3y,Web,Bronze
260,20,44.2,62.5,0,False,True,Chennai,B,New,Android,Bronze
1104,37,28.59,76.8,3,False,True,Other,C,5+y,Android,Gold
4,40,34.33,58.5,2,False,True,Gurgaon,C,5+y,iOS,Bronze
935,35,23.4,54.3,9,True,True,Kochi,B,3-5y,iOS,Gold
211,40,28.84,38.4,2,False,True,Surat,C,New,Web,Bronze
197,38,50.59,,7,False,True,Kochi,D,New,Android,Silver
588,24,15.13,47.9,3,False,True,Nagpur,A,1-3y,Android,Bronze
464,18,97.64,78.0,5,False,True,Mysuru,C,3-5y,iOS,Gold
586,50,70.76,63.9,5,True,True,Other,A,New,Android,Gold
27,37,54.22,81.4,7,True,True,Coimbatore,D,1-3y,Android,Gold
680,30,14.85,63.3,2,False,True,Gurgaon,B,1-3y,Android,Bronze
1113,22,314.22,74.7,0,False,True,Lucknow,A,New,iOS,Gold
1126,30,48.25,71.7,4,True,True,Mumbai,B,3-5y,Android,Gold
327,18,70.21,81.5,1,False,False,Jaipur,A,New,iOS,Gold
62,29,38.31,56.9,5,True,True,Jaipur,E,3-5y,Web,Bronze
657,24,33.1,68.6,3,True,True,Indore,B,1-3y,iOS,Silver
1027,18,39.46,86.6,5,False,True,Delhi,D,3-5y,Web,Gold
1154,27,40.48,55.6,12,True,True,Bhopal,A,New,iOS,Gold
733,37,22.59,56.4,2,False,True,Trichy,B,New,Android,Bronze
632,55,37.48,73.9,4,False,True,Noida,D,3-5y,Android,Gold
1179,35,37.18,86.3,0,False,True,Trichy,C,New,Web,Silver
368,25,39.7,63.4,6,False,True,Gurgaon,C,1-3y,Android,Silver
926,49,40.39,49.3,4,False,True,Chennai,D,3-5y,Android,Silver
749,29,22.49,45.2,2,True,True,Bengaluru,A,3-5y,Android,Silver
1029,32,120.84,80.1,4,True,True,Delhi,B,3-5y,iOS,Gold
1077,44,126.11,61.0,2,False,True,Gurgaon,A,5+y,Android,Gold
9,32,127.38,34.5,2,True,True,Ahmedabad,D,5+y,iOS,Gold
431,23,18.57,52.1,3,True,True,Kochi,a,1-3y,Web,Bronze
603,43,30.72,77.9,5,False,False,Madurai,a,5+y,Web,Silver
1039,39,22.11,62.3,8,False,False,Kochi,D,5+y,Android,Bronze
490,38,58.7,66.7,5,False,True,Kochi,D,1-3y,iOS,Silver
652,30,41.24,46.3,9,False,True,Other,D,1-3y,iOS,Silver
811,30,18.12,53.5,5,False,True,Kochi,D,1-3y,Web,Bronze
841,49,60.32,49.9,11,False,True,Delhi,E,3-5y,iOS,Silver
75,33,25.77,60.2,6,False,True,Other,A,1-3y,Android,Silver
559,21,20.6,76.0,10,False,True,Thiruvananthapuram,A,1-3y,Web,Silver
858,36,13.42,69.3,5,False,False,Bhopal,C,New,Android,Bronze
58,45,35.55,75.2,1,False,True,Indore,A,1-3y,Android,Gold
1021,35,38.21,66.3,0,False,True,Nagpur,C,1-3y,Android,Bronze
977,42,47.31,81.6,3,False,False,Pune,D,1-3y,Android,Silver
298,29,,54.6,4,False,True,Ahmedabad,D,3-5y,Android,Bronze
373,40,43.82,62.5,0,False,True,Delhi,C,,Android,Bronze
218,44,352.29,67.1,1,False,True,Indore,A,1-3y,iOS,Gold
706,23,147.7,,1,False,False,Thiruvananthapuram,C,New,Android,Gold
663,24,78.97,75.0,0,False,False,Trichy,B,New,Android,Gold
345,47,76.89,58.7,2,False,True,Lucknow,A,5+y,Android,Gold
1169,28,22.34,61.0,8,False,False,Other,B,1-3y,Android,Bronze
741,41,18.01,80.3,1,False,True,Vijayawada,D,5+y,iOS,Bronze
678,36,98.21,70.6,7,False,True,Other,C,New,iOS,Gold
1016,23,36.59,84.7,3,True,True,Gurgaon,C,5+y,Android,Gold
871,35,30.09,48.8,5,False,True,Coimbatore,A,New,Web,Bronze
714,32,,42.5,13,True,True,Lucknow,A,New,Android,Bronze
844,31,23.86,74.7,3,False,True,Noida,B,3-5y,Web,Bronze
650,28,52.25,62.7,2,False,False,Other,A,,Android,Silver
267,33,17.9,64.6,2,True,True,Pune,B,New,Android,Bronze
7,33,24.54,51.4,4,False,True,Pune,A,1-3y,Android,Bronze
904,46,55.52,42.0,2,False,True,Other,,1-3y,iOS,Bronze
512,29,10.39,99.5,1,True,True,Nagpur,D,,Android,Bronze
634,18,45.62,57.2,5,False,False,Bhopal,C,1-3y,Android,Silver
139,50,161.28,50.1,2,True,True,Mumbai,D,5+y,Web,Gold
164,25,58.34,50.2,4,False,False,Nagpur,A,New,iOS,Bronze
1119,35,124.11,49.6,1,False,True,Delhi,B,,iOS,Silver
948,18,60.79,,1,False,False,Chennai,D,1-3y,Android,Gold
1068,36,32.28,45.0,1,False,True,Other,B,New,Android,Bronze
44,34,27.12,90.6,1,True,True,Pune,A,3-5y,Web,Gold
759,38,31.02,51.3,2,True,True,Mumbai,A,New,Android,Bronze
1197,21,28.48,62.5,9,False,True,Kolkata,A,1-3y,iOS,Gold
320,21,12.53,64.2,3,False,True,Gurgaon,A,1-3y,Android,Bronze
792,21,49.02,59.9,9,False,True,Other,C,New,Android,Silver
969,40,24.19,55.2,9,False,True,Vizag,A,New,iOS,Silver
526,28,38.32,100.0,4,True,True,Ahmedabad,A,3-5y,iOS,Gold
295,30,29.9,57.0,7,False,True,Trichy,C,1-3y,Android,Silver
572,31,37.78,63.9,4,False,True,Other,A,New,Android,Silver
644,34,15.94,83.2,4,False,False,Bengaluru,B,New,Android,Bronze
689,28,15.39,100.0,8,False,True,Kolkata,A,3-5y,Android,Silver
927,30,939.31,73.8,0,False,True,Ahmedabad,C,3-5y,Android,Gold
20,32,75.26,77.7,8,False,True,Delhi,B,New,Android,Gold
802,22,25.18,52.7,6,False,False,Other,D,New,Web,Bronze
840,29,42.7,75.6,4,False,False,Madurai,A,New,Android,Silver
529,34,37.81,46.8,0,True,True,Chennai,C,1-3y,Android,Bronze
869,27,48.62,61.3,6,False,True,Lucknow,B,New,Android,Silver
1051,21,20.53,65.2,7,False,False,Bhopal,B,New,Android,Silver
702,30,65.46,47.2,4,False,True,Nagpur,c,3-5y,Android,Silver
1136,44,38.05,86.9,2,False,True,Pune,c,5+y,Android,Gold
138,40,,51.5,3,False,False,Ahmedabad,B,3-5y,iOS,Silver
1151,34,51.97,70.2,6,False,True,Other,D,1-3y,Web,Gold
523,44,,,10,False,True,Thiruvananthapuram,C,New,Web,Silver
186,46,38.25,52.6,5,False,True,Ahmedabad,A,New,Android,Silver
958,52,23.27,70.6,4,False,True,Indore,B,3-5y,Android,Silver
862,19,93.65,61.1,3,False,False,Thiruvananthapuram,C,1-3y,iOS,Gold
1153,34,,69.9,4,False,True,Noida,B,5+y,Android,Silver
859,18,26.07,73.8,6,False,False,Other,B,New,Android,Bronze
1143,18,11.73,74.7,4,False,True,Pune,A,5+y,Android,Bronze
1045,25,47.61,55.6,11,False,True,Indore,A,1-3y,Web,Gold
328,31,33.07,75.1,6,False,False,Other,B,5+y,Android,Gold
318,26,,66.4,7,False,True,Chennai,B,3-5y,iOS,Gold
829,43,40.66,71.6,4,False,True,,A,5+y,Web,Silver
813,34,52.17,91.2,3,False,False,Kolkata,c,1-3y,Android,Gold
531,29,34.55,77.3,0,False,False,Bengaluru,B,1-3y,Android,Silver
725,24,35.23,66.3,9,False,False,Surat,B,1-3y,Android,Gold
791,25,45.02,51.9,1,False,False,Noida,A,1-3y,Web,Bronze
463,18,34.32,53.8,3,False,False,Jaipur,E,3-5y,Android,Bronze
474,34,46.51,84.0,1,False,True,Other,A,5+y,Android,Gold
1091,27,46.43,73.7,5,False,False,Kochi,A,3-5y,Android,Silver
149,42,60.1,64.9,2,False,True,Bengaluru,C,5+y,Web,Gold
479,32,24.36,89.0,6,False,True,Noida,C,3-5y,Android,Silver
953,36,22.79,65.1,2,True,True,Chennai,A,5+y,iOS,Silver
535,18,27.33,94.5,8,False,False,Lucknow,A,3-5y,iOS,Gold
757,24,59.84,68.8,2,False,True,Surat,A,New,iOS,Silver
976,23,37.36,59.4,1,True,True,Nagpur,B,5+y,iOS,Silver
366,45,25.61,50.1,6,False,True,Noida,B,5+y,Android,Silver
1053,33,52.65,54.1,0,True,True,Hyderabad,C,,Android,Bronze
452,35,73.14,78.7,3,False,True,Other,B,1-3y,Web,Gold
1047,27,15.21,70.4,4,False,True,Other,B,1-3y,iOS,Silver
807,31,142.53,,2,False,False,Kolkata,D,3-5y,Android,Bronze
940,40,72.58,90.1,1,True,,Bengaluru,B,New,Android,Gold
505,18,41.37,64.5,2,False,False,Chennai,A,1-3y,Web,Silver
233,35,22.53,77.9,3,True,True,Other,C,New,iOS,Silver
782,31,26.68,67.8,10,True,True,Ahmedabad,D,New,Android,Gold
599,34,26.64,68.8,1,False,True,Vizag,A,3-5y,Android,Bronze
1176,18,9.49,55.3,9,False,True,Kochi,D,New,iOS,Bronze
816,35,,84.6,3,False,True,Thiruvananthapuram,C,3-5y,Android,Gold
159,28,28.98,85.3,4,False,False,Trichy,A,New,iOS,Silver
316,29,40.77,81.0,3,True,False,Hyderabad,D,1-3y,iOS,Gold
257,36,128.64,,1,True,True,Other,D,New,Web,Gold
756,42,,37.3,2,False,True,Madurai,C,1-3y,Android,Bronze
97,20,15.27,82.0,3,False,True,Indore,A,3-5y,Web,Silver
1178,33,24.72,42.8,8,False,True,Bengaluru,C,3-5y,Android,Bronze
975,23,43.66,66.0,2,False,False,Goa,C,1-3y,Web,Silver
385,18,34.01,85.5,5,False,False,Pune,c,5+y,iOS,Gold
907,30,,64.9,5,False,True,Other,A,New,Android,Gold
178,33,40.03,62.7,2,False,True,Bhopal,A,New,Android,Silver
681,39,54.1,91.7,3,False,False,Coimbatore,D,1-3y,iOS,Gold
329,21,11.23,73.4,3,False,True,Trichy,D,3-5y,iOS,Bronze
315,39,14.4,72.5,2,False,False,Mumbai,B,1-3y,Android,Bronze
416,34,48.66,82.1,6,False,True,Mysuru,D,1-3y,Android,Gold
358,34,55.51,63.3,9,False,False,Gurgaon,A,New,Android,Gold
348,37,23.35,57.0,0,False,False,Hyderabad,A,1-3y,iOS,Bronze
643,50,58.89,68.5,5,True,True,Delhi,B,New,iOS,Gold
299,18,53.72,37.7,3,False,True,Gurgaon,C,1-3y,iOS,Bronze
755,48,40.88,40.1,5,False,True,Bengaluru,A,5+y,Android,Silver
833,22,52.19,73.3,8,False,False,Noida,C,1-3y,Web,Gold
780,20,47.51,44.8,3,False,True,Madurai,D,3-5y,iOS,Bronze
699,24,28.35,51.9,9,False,True,Trichy,C,5+y,Web,Silver
891,25,40.43,49.7,11,False,True,Lucknow,A,1-3y,Android,Gold
653,47,30.8,70.0,2,False,True,Vijayawada,A,1-3y,Android,Gold
250,21,26.21,67.4,3,False,False,Pune,A,1-3y,Android,Bronze
794,36,61.75,48.6,6,False,True,Chennai,D,5+y,iOS,Silver
16,24,17.02,64.5,11,False,True,Ahmedabad,C,New,Android,Silver
994,44,37.06,43.8,3,False,True,Kochi,B,New,Android,Bronze
160,21,31.58,87.0,5,False,True,Bengaluru,C,New,Android,Gold
722,42,63.88,44.6,3,False,True,Goa,C,1-3y,Web,Silver
1180,36,34.62,59.1,7,True,True,Lucknow,C,New,iOS,Silver
361,31,29.27,40.0,1,True,True,Vizag,C,5+y,iOS,Bronze
49,38,33.05,65.2,1,False,True,Goa,A,New,iOS,Silver
203,33,32.46,75.4,2,False,True,Kolkata,A,New,iOS,Silver
331,46,49.29,73.6,4,True,False,Thiruvananthapuram,C,,Android,Silver
985,35,13.94,94.1,7,False,False,Pune,D,5+y,Web,Silver
501,44,19.53,95.5,4,False,False,Lucknow,A,1-3y,Web,Gold
113,27,25.05,50.1,0,False,False,,B,3-5y,Android,Bronze
339,42,21.77,90.9,5,False,True,Pune,A,1-3y,Web,Gold
308,44,35.46,100.0,4,True,True,Indore,C,1-3y,Android,Gold
732,33,29.09,58.7,11,False,True,Kolkata,A,1-3y,Android,Gold
423,27,55.22,52.7,4,True,True,Bhopal,A,New,Android,Silver
417,42,180.38,65.0,11,False,True,Coimbatore,A,1-3y,Android,Gold
1014,18,96.58,78.3,6,True,True,Other,A,New,Android,Gold
967,30,170.58,45.8,2,True,True,,A,1-3y,Android,Gold
783,48,36.94,82.2,7,True,False,Surat,D,5+y,Web,Gold
1150,41,54.84,54.5,6,False,False,Lucknow,C,New,iOS,Silver
639,37,81.88,76.4,3,True,True,Other,B,New,Android,Gold
396,33,46.58,100.0,1,False,True,Pune,A,New,Android,Gold
611,23,,46.1,2,True,True,Chennai,B,3-5y,Android,Bronze
460,32,38.98,,5,True,True,Trichy,A,New,Android,Gold
563,32,25.68,63.5,6,False,False,Kochi,A,New,Android,Silver
128,21,15.16,52.7,5,False,False,Delhi,C,1-3y,Web,Bronze
674,20,18.83,100.0,3,True,True,Pune,a,5+y,Web,Gold
1172,18,,44.8,0,False,False,Pune,C,1-3y,Android,Bronze
566,39,33.55,70.4,7,False,True,Gurgaon,D,5+y,Android,Silver
596,28,30.36,67.6,1,False,False,Indore,C,3-5y,Web,Bronze
450,35,24.79,92.5,9,False,True,,D,5+y,Android,Gold
238,31,7.15,62.4,1,False,False,Coimbatore,B,1-3y,Web,Bronze
168,35,75.41,83.1,3,False,True,Pune,A,3-5y,Web,Gold
730,22,54.33,61.9,12,False,True,Indore,C,New,Android,Gold
1085,33,46.73,80.5,2,False,True,Mysuru,C,New,Android,Silver
81,36,70.02,,2,False,False,Kochi,b,New,iOS,Bronze
415,29,25.01,76.3,6,False,False,Pune,A,3-5y,Android,Silver
664,29,63.78,55.0,4,False,True,Thiruvananthapuram,B,3-5y,iOS,Gold
301,48,26.6,77.4,7,False,False,Bengaluru,C,New,iOS,Silver
817,28,35.76,53.9,5,False,False,Chennai,A,New,Web,Silver
325,48,28.75,53.2,5,False,True,Gurgaon,D,5+y,iOS,Bronze
552,37,25.84,34.3,2,False,True,Coimbatore,b,New,iOS,Bronze
216,41,22.73,54.6,7,False,False,Ahmedabad,C,3-5y,Android,Bronze
1131,24,22.11,38.4,6,False,True,Nagpur,B,5+y,Android,Bronze
31,51,26.84,56.8,7,True,True,Kochi,A,3-5y,Android,Gold
661,18,52.08,54.1,7,False,True,Delhi,A,3-5y,Android,Gold
243,18,,64.2,2,False,False,Coimbatore,C,New,Android,Bronze
723,18,12.62,43.7,4,False,True,Surat,B,New,iOS,Bronze
761,43,,74.2,0,False,False,Delhi,D,1-3y,Android,Bronze
893,28,39.05,64.2,4,False,True,Other,C,New,Web,Bronze
1083,36,66.68,53.9,4,False,True,Hyderabad,a,5+y,Android,Gold
210,29,48.16,72.6,5,False,False,Surat,A,New,Web,Silver
695,25,31.37,73.3,1,False,True,Kolkata,D,1-3y,iOS,Bronze
565,40,,,2,False,True,Mumbai,C,3-5y,Web,Bronze
768,27,34.59,73.2,5,False,True,Mysuru,A,1-3y,Android,Gold
949,35,29.72,66.7,3,False,True,Kochi,A,3-5y,Android,Silver
436,27,65.94,,2,False,True,Madurai,B,1-3y,iOS,Bronze
28,35,,98.2,11,True,True,Bengaluru,A,New,iOS,Gold
1079,27,26.89,89.1,5,True,False,Madurai,B,New,Android,Gold
1194,39,43.04,71.0,3,False,True,Coimbatore,d,1-3y,Android,Silver
123,34,35.87,52.5,0,False,False,Vizag,C,3-5y,iOS,Bronze
1105,22,,70.4,2,False,True,Other,B,3-5y,Web,Gold
564,25,20.3,73.6,6,True,True,Pune,B,,Android,Silver
404,28,16.61,54.8,0,False,True,Mumbai,B,5+y,Android,Bronze
1200,22,50.2,48.5,1,False,False,Hyderabad,D,5+y,Android,Silver
363,41,23.18,51.3,9,False,True,Indore,A,New,Android,Silver
272,35,67.43,85.9,6,True,True,Other,B,3-5y,Android,Gold
467,29,41.08,53.7,4,True,True,Surat,b,New,Android,Silver
1080,45,12.19,80.7,6,False,True,Vizag,A,1-3y,Android,Silver
770,47,56.28,76.1,9,False,False,Goa,B,1-3y,Web,Gold
278,22,16.29,82.4,8,True,True,Thiruvananthapuram,D,New,iOS,Silver
1078,57,,,1,False,True,Other,C,New,iOS,Gold
620,45,31.46,51.4,1,False,True,Bhopal,A,New,Web,Bronze
692,30,23.61,54.5,1,True,True,Vizag,B,1-3y,Android,Bronze
443,35,9.63,57.7,10,False,True,Goa,A,3-5y,iOS,Bronze
300,35,18.96,91.3,7,False,False,Gurgaon,A,1-3y,Android,Gold
376,53,18.14,76.0,5,False,False,Madurai,D,1-3y,iOS,Bronze
658,34,64.48,73.3,11,False,True,Bhopal,c,1-3y,Android,Gold
795,18,38.11,70.0,3,True,True,Surat,A,New,Web,Gold
1111,45,57.21,73.4,1,False,True,Chennai,,5+y,Web,Gold
473,29,39.12,89.6,0,True,True,Madurai,D,New,Android,Gold
1061,31,9.82,,2,False,True,Pune,D,1-3y,Web,Bronze
1098,36,24.04,90.1,8,True,True,Delhi,C,1-3y,Android,Silver
389,34,,64.1,5,False,True,Ahmedabad,B,New,Web,Bronze
23,43,45.53,77.2,1,False,False,Other,D,1-3y,iOS,Silver
1097,46,149.48,85.7,5,False,False,Mumbai,B,5+y,iOS,Gold
898,24,23.33,45.8,1,False,False,Other,E,New,Android,Bronze
424,19,69.32,71.3,13,False,False,Thiruvananthapuram,A,3-5y,iOS,Gold
978,28,48.01,60.1,0,False,False,Mysuru,A,3-5y,Android,Silver
736,33,87.76,81.6,2,False,False,Other,c,New,Android,Gold
667,18,32.37,57.1,3,False,True,Nagpur,C,New,iOS,Bronze
225,33,40.12,64.1,7,False,True,Hyderabad,C,New,Android,Silver
143,18,46.23,,1,False,False,Vijayawada,c,New,Android,Bronze
51,35,61.82,73.3,5,True,False,Other,a,1-3y,Android,Gold
901,36,41.82,69.5,8,False,False,Other,B,New,Android,Silver
753,23,13.67,86.4,1,False,True,Vijayawada,A,3-5y,iOS,Bronze
82,26,11.01,72.5,7,False,False,Kolkata,B,New,iOS,Bronze
483,33,27.02,47.5,8,False,False,Chennai,C,1-3y,iOS,Bronze
322,30,8.0,58.3,6,False,True,Lucknow,B,5+y,Android,Bronze
1107,20,,55.9,7,True,False,Mysuru,B,5+y,Web,Gold
925,31,35.76,53.1,9,False,True,Other,B,1-3y,iOS,Gold
1157,32,39.44,64.0,3,True,True,Coimbatore,D,3-5y,iOS,Silver
67,29,22.93,62.4,6,True,False,Jaipur,A,1-3y,iOS,Silver
1186,20,25.91,75.8,5,False,False,Pune,D,New,Android,Silver
557,25,93.01,62.4,6,False,False,Ahmedabad,D,5+y,Android,Gold
1025,18,19.83,60.8,5,False,True,Mysuru,C,5+y,Android,Bronze
418,44,13.67,69.6,7,False,True,Gurgaon,D,New,iOS,Bronze
735,35,17.28,60.4,3,False,True,Nagpur,D,1-3y,Web,Bronze
65,38,35.34,68.7,6,False,True,Kolkata,B,5+y,Web,Silver
931,32,38.33,37.1,1,False,True,Kolkata,C,New,Android,Bronze
922,24,,57.3,3,True,True,Thiruvananthapuram,C,3-5y,Web,Silver
721,31,19.9,59.6,3,False,True,Coimbatore,C,1-3y,iOS,Bronze
492,35,15.29,94.3,8,False,False,Coimbatore,A,1-3y,iOS,Silver
726,45,82.67,47.3,0,False,False,Madurai,B,1-3y,Web,Silver
818,34,25.26,80.1,0,False,True,Nagpur,B,5+y,iOS,Bronze
66,39,34.08,67.2,7,False,True,Indore,C,3-5y,Android,Gold
1009,39,50.82,32.9,2,False,True,Surat,B,,Android,Silver
633,28,112.81,,3,False,False,Trichy,B,3-5y,iOS,Gold
999,33,,85.4,2,True,True,,A,New,Android,Gold
297,35,43.37,56.9,11,False,True,Vijayawada,A,3-5y,Web,Gold
420,44,23.91,67.1,7,False,True,Madurai,B,1-3y,Android,Silver
439,26,36.48,82.1,2,False,False,Mysuru,A,1-3y,Android,Silver
262,30,24.38,46.0,4,False,True,Lucknow,C,3-5y,Android,Bronze
719,29,30.5,50.3,2,False,,Vijayawada,B,1-3y,iOS,Bronze
282,18,49.5,76.2,3,False,False,Mysuru,C,3-5y,Android,Silver
991,40,54.14,61.6,2,False,False,Indore,A,5+y,Web,Bronze
701,42,26.77,51.2,4,False,False,Goa,B,1-3y,Web,Bronze
189,20,43.7,69.0,4,False,True,Other,D,3-5y,Web,Silver
944,43,,34.7,4,False,False,Ahmedabad,D,New,Android,Bronze
252,35,48.07,48.7,0,False,True,Bengaluru,B,5+y,Web,Silver
910,22,40.79,,1,True,True,Lucknow,D,5+y,iOS,Silver
515,39,20.81,62.1,7,False,False,Other,D,New,Android,Bronze
1056,45,18.95,41.2,2,False,True,Pune,D,,Android,Bronze
488,36,41.62,49.7,2,False,True,Pune,B,3-5y,Android,Bronze
274,51,,74.7,4,False,True,Vizag,D,5+y,Android,Bronze
983,34,13.04,41.3,0,True,True,Nagpur,a,3-5y,iOS,Bronze
1092,32,68.04,52.6,2,True,True,Kochi,c,New,Android,Silver
449,42,32.92,88.6,4,True,True,Noida,B,1-3y,Android,Gold
412,18,31.61,70.9,3,False,True,,C,1-3y,Android,Silver
876,18,17.9,76.7,0,False,False,Vizag,E,New,Android,Bronze
743,23,18.48,65.6,1,False,True,Thiruvananthapuram,E,New,Android,Bronze
957,28,43.6,100.0,0,False,True,Trichy,B,5+y,Web,Gold
973,34,30.8,94.7,5,False,True,,D,5+y,Web,Gold
150,33,34.2,79.0,2,False,True,Indore,,New,iOS,Silver
219,31,61.95,38.7,0,False,False,Noida,B,5+y,Android,Bronze
240,27,,22.1,1,False,True,Mumbai,C,5+y,Android,Bronze
744,18,10.95,64.1,8,False,True,Vijayawada,D,1-3y,Android,Bronze
193,29,26.95,49.9,4,False,True,Indore,A,5+y,Web,Bronze
192,30,81.84,,2,False,True,Vijayawada,C,5+y,Android,Gold
1064,42,32.62,62.2,1,False,True,Coimbatore,C,New,Android,Bronze
619,26,47.39,47.6,2,False,True,,B,5+y,Android,Silver
1149,41,82.96,82.9,11,False,True,Goa,A,3-5y,Android,Gold
896,41,55.91,51.1,13,False,False,Delhi,D,New,iOS,Gold
618,34,60.65,76.1,7,False,True,Ahmedabad,B,New,Web,Gold
964,31,51.45,86.1,3,False,True,Nagpur,D,3-5y,Android,Gold
734,30,377.17,82.5,2,False,True,Noida,A,3-5y,Web,Gold
583,29,9.51,79.9,3,False,True,Surat,D,1-3y,Web,Bronze
1127,48,10.71,59.4,2,False,True,Mumbai,C,New,Android,Bronze
324,39,32.74,63.4,2,False,True,Bengaluru,B,3-5y,Android,Bronze
955,26,41.08,,2,False,True,Other,D,New,Web,Silver
882,41,44.93,51.2,0,False,False,Noida,D,,Android,Bronze
682,38,79.39,68.6,4,False,True,Vijayawada,,1-3y,iOS,Gold
438,22,62.04,65.6,2,False,False,Other,D,New,iOS,Bronze
798,42,34.53,,1,True,True,Other,A,1-3y,Android,Gold
1075,24,38.94,,5,False,True,Kochi,b,3-5y,iOS,Silver
342,35,57.64,44.4,2,False,True,Indore,B,New,Android,Bronze
3,39,,58.1,1,False,True,Other,D,New,iOS,Bronze
230,29,54.72,67.2,0,False,True,Lucknow,C,1-3y,Web,Silver
670,18,41.34,81.0,1,True,True,Vijayawada,B,New,iOS,Gold
1173,31,34.09,41.7,5,False,True,Chennai,C,3-5y,iOS,Bronze
77,28,26.11,64.3,5,False,False,Bhopal,A,1-3y,iOS,Silver
1122,32,72.53,56.8,3,False,False,Indore,B,1-3y,Android,Silver
372,44,32.18,66.1,0,True,True,Delhi,D,5+y,iOS,Bronze
181,44,71.28,69.4,4,False,False,Pune,D,New,iOS,Silver
737,39,35.66,71.4,6,False,True,Jaipur,C,3-5y,Web,Gold
578,43,40.78,59.4,4,True,True,Lucknow,C,3-5y,Android,Silver
762,38,25.53,43.2,2,False,True,Bhopal,B,1-3y,Web,Bronze
786,34,30.96,79.5,9,False,True,Chennai,D,New,Web,Gold
1040,38,30.71,71.7,2,False,False,Gurgaon,B,New,Android,Silver
1199,45,25.48,65.1,8,False,False,Other,A,1-3y,Web,Silver
1041,23,71.41,73.2,5,False,True,Jaipur,B,1-3y,Android,Gold
590,47,63.48,,9,False,True,Other,B,New,Android,Gold
800,32,122.74,64.4,1,False,True,Hyderabad,A,New,Android,Silver
843,48,104.2,57.4,1,False,False,Lucknow,A,New,Android,Gold
997,39,32.89,72.4,3,False,True,Surat,B,1-3y,iOS,Silver
1181,20,31.24,85.5,3,True,True,Nagpur,,3-5y,Android,Gold
38,24,49.7,78.8,3,False,False,Goa,E,5+y,Android,Gold
354,39,29.7,,5,False,True,Ahmedabad,D,3-5y,Android,Bronze
1114,30,37.45,95.8,2,False,False,Hyderabad,C,3-5y,Android,Silver
237,18,28.51,68.2,1,True,True,Other,B,1-3y,Web,Silver
986,38,36.66,75.8,5,True,,Vizag,A,New,Web,Gold
500,19,40.62,54.8,7,True,True,Ahmedabad,B,5+y,Android,Silver
554,50,26.61,87.5,1,False,True,Delhi,D,1-3y,iOS,Bronze
56,26,25.7,38.0,1,True,True,Kolkata,A,New,iOS,Bronze
303,40,75.27,79.5,10,False,True,Kolkata,A,1-3y,iOS,Gold
287,34,58.86,81.2,4,False,True,Lucknow,D,New,Android,Gold
830,18,27.92,64.1,5,True,True,Thiruvananthapuram,D,New,Android,Silver
220,26,36.88,61.4,5,True,True,Gurgaon,D,1-3y,Android,Silver
659,43,160.25,64.4,2,False,True,Pune,A,3-5y,Web,Gold
388,37,60.99,88.6,2,False,False,Indore,D,3-5y,iOS,Gold
861,23,16.39,54.9,5,False,True,Gurgaon,B,New,iOS,Bronze
391,18,16.94,59.9,0,False,True,Nagpur,,New,iOS,Bronze
353,27,26.37,41.9,7,False,False,,A,1-3y,Web,Silver
194,45,46.83,54.5,6,False,False,Gurgaon,d,3-5y,Android,Silver
236,26,34.69,82.8,5,True,True,Bhopal,C,3-5y,Android,Gold
1028,32,49.94,64.4,5,False,True,Other,B,New,Web,Silver
481,34,15.91,75.9,3,False,True,Other,C,1-3y,iOS,Bronze
568,26,,72.3,5,True,True,Mumbai,A,New,iOS,Gold
117,34,32.48,71.9,3,False,True,Indore,C,1-3y,Web,Silver
1141,47,81.94,76.8,5,True,True,Mysuru,B,1-3y,Android,Gold
654,22,52.56,67.8,9,False,False,Other,C,1-3y,Android,Gold
998,33,36.6,96.0,3,False,False,Hyderabad,B,1-3y,Android,Gold
1125,30,9.79,,2,False,True,Kochi,C,New,iOS,Bronze
793,37,41.25,66.6,1,False,True,Mysuru,B,1-3y,Web,Bronze
805,44,16.77,62.3,7,False,False,Ahmedabad,c,1-3y,iOS,Bronze
121,23,23.9,69.6,5,True,True,Lucknow,B,5+y,Web,Gold
846,35,21.02,67.1,5,False,True,Surat,B,3-5y,Web,Bronze
1118,29,45.38,95.5,10,False,True,Indore,A,1-3y,iOS,Gold
801,24,28.32,,3,True,True,Kolkata,A,3-5y,iOS,Silver
63,33,56.26,82.2,1,False,False,Other,D,3-5y,iOS,Silver
1057,33,43.59,51.2,5,False,True,Other,A,3-5y,Android,Silver
454,51,29.38,68.4,1,False,False,Jaipur,C,5+y,Web,Silver
516,35,38.93,,4,False,True,Madurai,B,3-5y,Android,Bronze
571,19,28.33,52.5,4,False,False,Kochi,D,New,Android,Bronze
224,22,78.48,49.5,0,True,True,Coimbatore,,1-3y,Web,Silver
614,36,36.17,48.4,0,False,True,Other,A,New,Web,Bronze
222,34,131.36,36.4,2,False,True,Vizag,C,New,iOS,Silver
697,18,15.47,55.3,8,False,True,Kochi,A,1-3y,Android,Silver
1167,54,67.22,62.4,2,True,True,Delhi,E,5+y,Android,Gold
466,28,24.76,80.8,4,False,True,Mysuru,D,1-3y,Web,Silver
53,19,23.43,61.8,1,False,True,Bhopal,D,5+y,Android,Bronze
1112,30,42.34,44.9,3,True,True,Hyderabad,B,5+y,Android,Silver
486,30,51.64,27.3,8,False,True,Noida,D,5+y,Android,Silver
1159,18,,65.7,6,False,False,Surat,D,3-5y,iOS,Gold
952,36,54.3,83.4,0,False,True,Goa,D,New,Android,Gold
156,48,46.93,68.2,1,False,False,Mumbai,E,5+y,iOS,Silver
1195,49,22.29,58.6,6,False,True,Mysuru,D,3-5y,Android,Bronze
601,37,35.53,96.2,6,False,False,Nagpur,B,3-5y,Web,Gold
908,21,20.41,,3,False,False,Bengaluru,B,3-5y,Android,Bronze
249,58,30.68,66.7,0,False,True,Coimbatore,D,3-5y,Android,Bronze
442,35,47.89,73.2,3,False,True,Gurgaon,C,New,Web,Silver
1018,30,34.41,81.2,3,True,True,Gurgaon,A,New,Android,Gold
1115,33,47.71,66.2,6,False,True,Gurgaon,D,5+y,Android,Gold
543,34,47.98,100.0,2,False,True,Gurgaon,B,1-3y,Android,Gold
118,32,,79.9,2,False,False,Kolkata,B,New,Web,Silver
873,39,12.24,59.8,2,False,False,Vizag,B,3-5y,iOS,Bronze
629,23,,84.9,2,False,True,,B,1-3y,iOS,Silver
738,39,19.17,59.9,7,True,True,Thiruvananthapuram,C,1-3y,Android,Silver
954,22,20.1,63.3,1,False,True,Other,A,1-3y,Android,Silver
292,33,35.87,78.1,3,False,False,Mysuru,D,New,iOS,Silver
1059,33,65.94,70.8,8,False,True,Kochi,E,New,iOS,Gold
382,44,,79.6,3,False,True,Chennai,A,New,iOS,Silver
888,28,28.07,24.4,4,False,True,Bhopal,C,New,Web,Bronze
842,32,404.75,58.3,4,True,True,Mysuru,C,3-5y,iOS,Gold
201,35,,64.7,1,False,True,Jaipur,C,5+y,iOS,Gold
597,27,30.33,60.6,1,True,True,Ahmedabad,C,5+y,Android,Silver
1019,29,25.41,76.0,2,False,True,Vizag,D,3-5y,Web,Silver
1156,33,10.91,80.8,2,False,True,Coimbatore,A,New,iOS,Bronze
138,40,,51.5,3,False,False,Ahmedabad,B,3-5y,iOS,Silver
717,18,25.88,75.4,2,False,False,,D,1-3y,iOS,Bronze
506,27,103.42,56.2,2,False,True,Bengaluru,B,3-5y,iOS,Silver
349,18,49.18,43.1,3,False,,,A,New,iOS,Silver
956,44,50.54,50.3,5,False,True,Chennai,D,5+y,Android,Bronze
685,28,12.04,71.3,5,True,True,Surat,B,New,Android,Bronze
341,18,31.46,69.2,7,False,True,Bhopal,B,New,Android,Silver
616,20,28.16,57.2,0,True,True,Bengaluru,A,New,iOS,Bronze
155,32,104.0,88.1,9,False,False,Noida,A,New,Android,Gold
1123,25,67.99,64.3,6,False,True,Other,C,1-3y,Android,Gold
790,31,17.19,89.7,3,False,False,Madurai,C,1-3y,Web,Bronze
78,33,88.52,57.7,2,False,True,Lucknow,A,5+y,iOS,Gold
288,32,17.07,47.0,4,False,False,Mysuru,B,New,iOS,Bronze
323,43,192.95,87.2,1,False,True,Other,D,3-5y,Web,Gold
914,26,40.51,69.9,6,False,True,Ahmedabad,A,New,iOS,Gold
849,26,38.42,62.6,8,False,False,Lucknow,B,1-3y,iOS,Silver
825,18,17.44,57.6,1,False,True,Other,B,3-5y,Android,Bronze
83,29,11.99,39.8,3,False,True,Chennai,C,New,Android,Bronze
821,28,36.61,58.9,2,False,False,Jaipur,C,3-5y,Android,Bronze
465,22,69.93,82.7,5,True,True,Gurgaon,C,New,Android,Gold
826,32,16.16,73.3,13,False,True,,A,1-3y,Android,Gold
784,40,31.61,64.3,1,True,False,Goa,A,,iOS,Silver
1189,38,,61.5,5,False,False,Hyderabad,E,,iOS,Silver
799,41,27.12,23.8,8,True,True,Vizag,E,1-3y,Android,Bronze
334,23,19.14,79.5,1,False,False,,D,3-5y,Android,Bronze
11,40,59.14,76.4,3,False,True,Nagpur,E,3-5y,Android,Gold
471,35,34.57,59.0,8,False,False,Indore,C,5+y,Android,Silver
33,27,18.93,73.3,2,False,False,Ahmedabad,B,New,iOS,Bronze
834,29,29.19,95.9,4,True,False,Goa,A,5+y,Web,Gold
414,39,37.92,78.4,3,False,True,Mysuru,A,New,Android,Gold
581,18,56.67,78.3,3,False,True,,C,5+y,Android,Gold
383,18,49.15,62.7,7,False,False,Goa,A,1-3y,Android,Gold
1076,34,6.73,71.1,3,False,True,Jaipur,E,1-3y,Android,Bronze
1166,24,81.97,63.1,3,False,True,,C,1-3y,Android,Gold
1152,41,51.12,61.0,5,False,True,Hyderabad,D,New,Android,Silver
1006,35,30.89,73.3,2,False,False,Coimbatore,D,3-5y,Android,Bronze
1158,45,,95.3,1,False,True,Noida,C,5+y,Android,Gold
379,46,10.75,56.5,3,False,True,Bengaluru,D,1-3y,Android,Bronze
90,36,,77.6,7,False,False,Lucknow,D,1-3y,Android,Gold
820,22,47.2,81.1,6,False,True,Trichy,C,New,Android,Gold
602,27,46.32,52.3,11,False,False,Mysuru,C,1-3y,Android,Silver
214,28,72.66,61.7,3,False,False,Delhi,C,1-3y,iOS,Gold
333,26,62.31,61.1,5,True,False,Hyderabad,A,3-5y,Android,Gold
134,30,42.13,86.2,8,True,False,Vijayawada,A,5+y,iOS,Gold
347,27,,65.1,5,False,True,Bhopal,B,3-5y,Android,Bronze
887,43,34.46,59.8,3,False,True,Kochi,A,3-5y,Android,Silver
8,29,22.39,65.5,1,True,True,Pune,C,1-3y,Web,Silver
870,32,32.6,72.3,5,False,True,Vijayawada,D,3-5y,Android,Silver
321,39,18.08,56.3,6,False,True,Vizag,C,5+y,Web,Bronze
1062,45,,63.3,2,False,False,Other,C,New,Android,Bronze
188,21,19.98,56.2,2,True,False,Madurai,D,3-5y,iOS,Bronze
1015,23,,79.6,6,True,True,Hyderabad,A,New,Android,Silver
553,35,25.31,,5,False,False,Surat,C,5+y,Android,Bronze
305,31,32.32,61.3,6,False,False,,C,New,iOS,Silver
32,28,19.58,83.5,7,False,True,Trichy,C,5+y,Android,Silver
1022,35,23.8,61.4,6,False,True,Thiruvananthapuram,B,New,Android,Silver
685,28,12.04,71.3,5,True,True,Surat,B,New,Android,Bronze
1084,33,,47.2,1,False,True,Bengaluru,D,New,Web,Bronze
241,24,25.2,69.5,1,False,False,Other,B,New,iOS,Bronze
68,28,,80.7,7,False,True,Nagpur,A,5+y,Android,Gold
175,20,35.83,50.5,7,False,True,Noida,A,1-3y,Android,Silver
767,33,144.24,57.7,0,True,True,Bhopal,a,1-3y,Web,Gold
246,20,42.6,47.9,6,False,True,Other,B,1-3y,Android,Silver
57,30,55.6,93.4,1,False,False,Hyderabad,D,3-5y,Web,Gold
631,46,54.78,95.2,14,False,True,Vizag,A,1-3y,Android,Gold
584,22,21.14,51.0,4,False,True,,B,3-5y,Android,Bronze
1043,38,16.87,72.7,3,False,False,Indore,C,3-5y,Android,Bronze
146,28,129.37,59.1,2,True,True,Other,B,New,Web,Gold
91,38,39.87,86.5,2,False,True,Thiruvananthapuram,E,New,Android,Silver
1133,26,41.92,79.5,7,False,False,Other,D,1-3y,Web,Gold
393,28,33.0,43.0,3,False,False,Kolkata,D,5+y,Android,Bronze
881,34,45.43,73.1,4,False,True,Vijayawada,A,New,Web,Gold
683,43,28.25,69.1,3,False,True,Goa,C,5+y,Web,Silver
311,43,37.7,72.0,2,False,False,Trichy,A,New,Android,Silver
360,31,33.52,93.9,7,False,False,Gurgaon,A,3-5y,Web,Gold
94,31,11.26,65.7,2,True,True,Bengaluru,A,3-5y,Web,Bronze
1129,30,39.86,58.6,0,False,False,Nagpur,B,1-3y,Android,Bronze
1042,41,23.31,49.5,2,False,True,Kochi,A,3-5y,iOS,Bronze
377,30,36.91,55.0,11,False,True,Ahmedabad,B,1-3y,iOS,Gold
244,19,80.12,75.6,3,False,False,Hyderabad,D,5+y,Android,Gold
1095,26,68.92,46.2,2,True,True,Kolkata,A,1-3y,Web,Gold
88,32,35.85,59.3,6,False,True,Madurai,C,1-3y,iOS,Silver
215,29,77.06,79.9,5,False,True,Thiruvananthapuram,a,1-3y,Android,Gold
445,29,15.98,65.0,5,False,False,Other,B,3-5y,Android,Bronze
174,21,15.02,63.7,4,True,True,Kochi,E,New,Android,Bronze
426,29,67.69,55.1,3,False,False,Trichy,B,5+y,iOS,Gold
1058,36,41.59,88.5,2,False,False,Mumbai,A,5+y,Web,Gold
119,46,16.05,66.2,2,False,False,Vizag,A,New,Android,Bronze
120,30,228.32,86.2,6,False,False,Indore,C,3-5y,Web,Gold
946,29,24.79,59.6,7,False,True,Noida,B,1-3y,Android,Bronze
900,18,84.87,60.8,2,False,True,,B,5+y,Web,Gold
1,35,17.55,74.9,2,False,True,Other,d,New,Android,Bronze
395,38,44.71,53.2,1,True,False,,D,5+y,Android,Silver
402,34,67.71,73.6,3,True,True,Hyderabad,A,1-3y,Android,Gold
405,37,30.58,48.9,5,False,True,Lucknow,C,,Android,Silver
942,40,30.25,64.4,4,False,True,Vijayawada,C,New,iOS,Silver
879,31,11.09,68.8,3,True,True,Hyderabad,D,1-3y,Android,Bronze
163,51,14.0,,3,False,True,Coimbatore,B,New,Android,Bronze
115,33,49.56,63.7,1,False,True,Jaipur,A,1-3y,iOS,Gold
671,39,58.66,73.1,1,True,True,Jaipur,,1-3y,Android,Gold
151,31,31.6,53.4,5,False,True,Mysuru,A,New,iOS,Silver
1144,27,32.74,53.5,7,False,True,Gurgaon,D,New,Web,Bronze
814,27,36.11,76.5,2,True,True,Indore,B,1-3y,Web,Silver
562,35,23.68,69.1,5,False,True,,C,,Android,Silver
369,34,54.25,73.3,1,False,True,Goa,B,3-5y,Web,Silver
544,30,17.65,59.7,0,False,True,,C,New,Android,Bronze
478,22,44.38,68.4,8,False,True,Pune,D,3-5y,Android,Silver
1147,36,,37.2,4,False,True,Nagpur,D,New,Android,Bronze
533,28,32.28,83.7,3,True,True,Thiruvananthapuram,A,5+y,iOS,Gold
626,27,52.61,53.2,2,False,False,Indore,,3-5y,Android,Silver
1140,32,57.77,87.0,7,False,True,Kolkata,A,3-5y,iOS,Gold
513,33,51.67,63.7,6,False,False,Nagpur,,3-5y,iOS,Silver
831,36,74.57,58.4,13,False,True,Other,C,5+y,iOS,Gold
73,24,29.55,72.2,1,False,True,Nagpur,A,1-3y,iOS,Silver
808,21,19.71,48.0,4,False,True,Surat,C,1-3y,Android,Bronze
259,31,96.95,51.4,1,False,False,Goa,B,1-3y,Android,Silver
625,36,80.53,79.1,3,True,True,Madurai,C,New,Android,Gold
827,32,49.55,56.3,5,False,True,Noida,A,5+y,Android,Gold
235,25,,77.5,3,True,True,Trichy,A,1-3y,Android,Gold
136,23,100.98,68.1,3,False,False,Ahmedabad,C,New,Android,Silver
617,38,52.33,57.9,7,False,False,Noida,D,1-3y,Android,Silver
517,38,26.34,45.2,2,False,True,Vijayawada,D,1-3y,Web,Bronze
899,36,13.43,,0,False,True,Gurgaon,A,3-5y,Android,Bronze
803,35,46.11,81.2,6,False,False,Other,A,1-3y,Android,Gold
810,34,51.23,33.4,2,False,True,Other,C,1-3y,iOS,Bronze
593,48,42.22,82.7,5,False,True,Trichy,D,3-5y,Android,Silver
1074,18,59.85,70.3,9,False,True,Pune,B,New,iOS,Gold
502,40,27.68,,4,False,False,Mumbai,b,1-3y,Android,Silver
539,18,23.14,35.4,3,True,True,Madurai,D,New,Android,Bronze
618,34,60.65,76.1,7,False,True,Ahmedabad,B,New,Web,Gold
729,22,58.48,45.5,3,False,True,Bhopal,D,1-3y,iOS,Silver
582,22,38.27,86.4,1,False,True,Trichy,B,New,iOS,Silver
344,36,34.28,59.5,7,True,True,Kolkata,A,1-3y,iOS,Gold
963,23,74.28,40.9,2,True,False,Hyderabad,A,5+y,iOS,Silver
878,30,267.29,61.5,2,False,True,Trichy,B,1-3y,iOS,Gold
294,18,20.14,40.7,4,False,True,Lucknow,B,3-5y,Android,Bronze
365,31,21.65,79.6,3,False,False,Jaipur,A,New,Android,Bronze
886,35,55.68,52.9,3,False,False,Ahmedabad,A,5+y,Android,Silver
660,29,16.84,71.2,1,True,True,Other,A,,Android,Silver
15,36,8.45,68.3,7,True,True,Jaipur,C,New,iOS,Bronze
687,39,20.23,55.9,1,False,False,Other,D,1-3y,Android,Bronze
87,28,17.51,70.8,6,True,True,Thiruvananthapuram,B,3-5y,Android,Silver
371,32,36.82,82.9,4,False,True,Other,D,1-3y,Android,Gold
166,24,44.68,65.1,5,True,True,Delhi,A,1-3y,Android,Gold
132,20,20.11,80.6,5,True,True,Ahmedabad,D,3-5y,Web,Gold
336,21,21.43,50.3,3,False,True,Chennai,C,1-3y,Android,Bronze
60,41,27.86,59.4,0,False,True,Pune,B,1-3y,Android,Bronze
710,38,46.14,67.7,2,False,False,Other,D,New,Android,Silver
919,44,40.88,64.6,1,False,True,Chennai,A,1-3y,Android,Silver
677,53,54.25,59.0,7,False,True,Other,A,3-5y,Web,Gold
355,42,17.04,75.1,2,False,False,Delhi,C,1-3y,Android,Bronze
1000,39,23.22,36.6,6,False,True,Other,C,1-3y,iOS,Bronze
425,24,,63.6,0,False,True,Other,C,3-5y,Android,Bronze
293,45,25.79,54.6,4,False,True,Mumbai,D,5+y,Android,Silver
42,37,20.94,60.4,7,False,False,Bengaluru,C,1-3y,Web,Bronze
330,27,51.0,61.1,3,False,True,Pune,B,1-3y,Android,Silver
615,25,39.88,68.4,2,False,True,Gurgaon,C,New,Android,Silver
430,36,65.7,66.2,5,False,True,Gurgaon,B,3-5y,Android,Gold
80,29,32.21,95.3,4,False,True,Coimbatore,D,3-5y,Android,Gold
694,18,11.09,73.2,4,False,True,Surat,C,1-3y,Android,Bronze
29,36,49.4,63.2,0,False,False,Madurai,A,New,Android,Bronze
708,37,,38.6,3,False,False,Other,B,1-3y,Web,Bronze
934,47,43.4,77.4,9,False,True,Delhi,A,3-5y,Android,Gold
928,36,27.23,74.0,6,False,True,Lucknow,A,1-3y,Android,Silver
255,30,81.39,39.0,5,False,True,Mumbai,D,5+y,iOS,Silver
161,23,29.5,,3,False,True,Madurai,B,New,Android,Bronze
459,35,54.91,77.0,2,False,True,Kochi,B,1-3y,iOS,Gold
384,21,24.67,86.5,10,True,True,Ahmedabad,D,,Android,Gold
314,36,12.11,55.1,10,False,True,Thiruvananthapuram,A,3-5y,Web,Bronze
85,21,37.54,58.5,1,False,True,Kochi,B,1-3y,Android,Bronze
575,34,67.22,51.7,2,False,True,Coimbatore,C,New,Web,Bronze
763,39,31.29,58.3,1,False,True,Surat,A,New,Web,Bronze
137,35,46.99,82.7,4,False,,Jaipur,C,1-3y,Android,Gold
112,34,56.53,85.6,3,False,False,Bhopal,B,5+y,Android,Gold
195,22,12.98,59.8,2,True,True,Kochi,C,1-3y,Web,Bronze
853,40,68.69,40.9,7,False,True,Bengaluru,C,1-3y,Android,Silver
179,31,42.62,89.6,3,False,False,Other,,1-3y,Web,Gold
556,29,51.32,53.6,2,False,True,Other,D,5+y,Web,Silver
724,19,67.57,52.7,7,True,True,Vizag,C,1-3y,iOS,Gold
860,38,19.91,66.0,2,False,True,Madurai,D,New,iOS,Bronze
497,18,28.11,65.4,1,False,True,Indore,,,iOS,Silver
892,27,51.34,67.5,5,False,True,Goa,D,1-3y,Web,Silver
806,42,67.34,59.3,6,False,False,Bhopal,B,1-3y,Android,Gold
130,24,54.62,69.3,10,False,True,Other,A,5+y,Android,Gold
716,21,6.79,73.5,6,False,False,Surat,B,3-5y,Android,Bronze
338,35,14.36,66.6,7,False,True,Thiruvananthapuram,B,1-3y,Android,Bronze
187,34,72.17,64.7,1,False,False,Pune,C,5+y,Android,Gold
609,18,,64.9,9,False,True,Surat,D,1-3y,Web,Silver
125,40,41.18,,4,False,True,Ahmedabad,a,3-5y,Android,Gold
196,24,101.14,43.6,4,False,False,,A,New,Web,Silver
227,55,57.15,,1,False,True,Mumbai,A,3-5y,iOS,Silver
690,28,48.95,61.0,1,False,False,Goa,A,1-3y,Web,Silver
269,32,16.57,50.8,8,True,True,Thiruvananthapuram,b,1-3y,iOS,Bronze
153,18,17.84,54.7,5,False,True,Vizag,c,1-3y,iOS,Bronze
585,38,53.01,51.4,6,False,True,Noida,D,3-5y,iOS,Silver
938,31,57.84,46.3,4,False,True,Mysuru,E,5+y,iOS,Gold
104,39,54.97,74.6,5,False,True,Hyderabad,D,5+y,Android,Gold
594,18,30.78,,2,False,True,Pune,C,5+y,Web,Gold
1116,33,44.42,64.1,1,True,False,Thiruvananthapuram,E,5+y,iOS,Silver
787,32,40.5,59.4,5,False,True,Hyderabad,A,1-3y,Web,Silver
1050,36,68.95,64.1,3,True,True,Chennai,C,New,iOS,Gold
885,22,63.72,77.4,0,False,False,Pune,C,1-3y,Android,Silver
777,22,12.82,72.3,1,True,True,Surat,D,5+y,Android,Bronze
936,37,29.93,80.8,2,False,False,Other,B,3-5y,Android,Bronze
850,41,19.58,55.0,4,True,True,Coimbatore,A,1-3y,iOS,Bronze
895,29,38.25,68.2,3,False,True,Lucknow,D,1-3y,Web,Silver
228,49,60.27,79.3,4,False,True,Gurgaon,D,3-5y,Android,Gold
1138,32,57.47,77.1,2,False,True,Surat,B,5+y,iOS,Gold
302,18,25.76,76.5,1,False,False,Kochi,B,1-3y,iOS,Silver
855,35,44.42,67.5,5,False,True,Lucknow,B,New,iOS,Silver
276,35,33.21,38.4,2,False,True,Indore,D,New,Android,Bronze
127,45,42.66,40.9,5,True,True,Trichy,C,New,iOS,Silver
406,30,76.65,36.6,3,False,False,Bengaluru,C,5+y,iOS,Silver
776,34,55.46,68.9,4,False,False,Coimbatore,A,New,Web,Gold
822,45,23.52,49.6,10,False,True,Indore,B,1-3y,Android,Bronze
712,38,48.07,70.7,2,False,True,Lucknow,C,5+y,Android,Gold
766,18,47.42,78.0,0,False,True,Other,B,3-5y,Android,Gold
684,27,38.4,51.4,2,True,True,Other,E,5+y,Web,Bronze
750,24,109.16,,2,False,False,Jaipur,D,5+y,iOS,Gold
1141,47,81.94,76.8,5,True,True,Mysuru,B,1-3y,Android,Gold
37,31,36.85,83.3,3,False,False,Thiruvananthapuram,E,5+y,iOS,Silver
140,58,32.29,62.1,4,True,True,Lucknow,C,,iOS,Gold
304,29,43.55,73.7,2,False,False,Delhi,C,New,iOS,Silver
268,35,17.19,59.0,1,False,True,Indore,A,New,Web,Bronze
835,25,38.66,79.1,2,True,True,Trichy,A,3-5y,Android,Gold
534,36,16.43,,3,False,True,Bhopal,D,New,Android,Bronze
546,31,23.72,66.8,5,True,True,Bhopal,A,5+y,Android,Gold
213,32,15.33,83.5,0,False,True,Madurai,A,New,Web,Bronze
897,26,58.63,72.3,10,False,True,Jaipur,A,1-3y,Web,Gold
469,42,,38.5,4,True,True,Surat,,3-5y,iOS,Bronze
199,32,49.84,59.0,7,False,True,Goa,C,1-3y,iOS,Silver
1168,48,29.34,45.6,0,False,True,Jaipur,A,1-3y,Android,Bronze
868,28,35.68,60.8,8,False,True,Vizag,B,1-3y,Android,Silver
673,26,25.88,62.2,4,True,True,Kochi,D,New,Web,Bronze
917,45,216.56,63.9,2,False,True,Mysuru,D,New,Android,Gold
528,33,,53.5,11,False,True,Indore,C,1-3y,iOS,Bronze
676,35,13.28,68.8,5,False,True,Coimbatore,A,1-3y,iOS,Bronze
1070,31,28.27,60.0,2,False,False,Mysuru,A,5+y,iOS,Bronze
815,26,87.08,56.6,3,True,False,Bengaluru,C,New,Web,Silver
242,31,44.28,63.3,3,False,True,Pune,D,5+y,Android,Silver
343,33,,55.5,3,False,True,Pune,c,New,iOS,Bronze
550,38,59.34,80.9,1,True,True,Madurai,D,5+y,iOS,Gold
387,36,10.0,,2,True,True,Ahmedabad,D,1-3y,iOS,Bronze
1120,23,31.3,68.0,0,False,True,Other,D,New,Android,Bronze
207,24,41.8,61.4,2,False,False,Lucknow,B,1-3y,iOS,Silver
296,34,19.79,78.3,8,False,True,Ahmedabad,b,1-3y,iOS,Silver
696,25,26.37,75.1,8,False,False,Coimbatore,D,1-3y,Android,Bronze
1055,20,64.12,60.3,2,False,False,Lucknow,C,New,Android,Bronze
74,36,,71.1,4,False,False,Other,B,New,Android,Silver
606,37,12.63,76.6,3,False,True,Indore,B,New,Android,Bronze
105,24,31.63,87.1,1,False,True,Trichy,D,New,Web,Silver
982,18,41.31,64.4,6,False,True,Bhopal,C,1-3y,Web,Gold
1012,45,62.24,65.3,5,True,True,Vijayawada,E,1-3y,Android,Gold
1187,29,14.99,74.3,4,False,False,Vijayawada,B,1-3y,Android,Silver
17,35,13.42,63.5,3,False,False,Ahmedabad,A,New,Android,Bronze
440,36,32.47,65.3,5,False,True,Vizag,C,New,Web,Silver
92,31,28.52,87.4,5,False,True,Lucknow,D,New,Android,Gold
89,36,109.31,33.5,6,True,True,Other,B,New,Web,Gold
1054,54,9.8,65.6,0,True,False,Other,C,3-5y,Android,Bronze
909,33,23.41,,0,True,True,Kolkata,A,3-5y,Android,Silver
451,31,27.48,49.7,4,False,True,Madurai,C,1-3y,Web,Bronze
718,38,63.83,44.5,10,False,True,Surat,A,1-3y,Android,Gold
103,29,50.91,99.1,1,True,False,Nagpur,D,New,iOS,Gold
239,22,18.29,71.0,2,False,True,Other,D,5+y,Android,Bronze
69,40,51.93,52.0,4,False,True,Mysuru,E,5+y,Android,Bronze
943,36,160.68,32.1,2,False,False,Kolkata,A,5+y,iOS,Silver
247,22,130.51,62.9,2,False,True,Jaipur,B,5+y,Android,Gold
939,40,43.28,,8,False,False,Chennai,C,5+y,Android,Gold
1017,32,36.54,78.1,2,False,False,Goa,C,1-3y,Android,Silver
158,41,27.48,62.7,8,True,True,Noida,B,New,Android,Silver
480,55,31.12,71.3,1,False,True,Indore,A,5+y,Android,Silver
839,49,21.02,72.3,3,False,True,Lucknow,C,3-5y,iOS,Bronze
646,31,11.84,76.7,11,False,False,Vijayawada,E,New,Android,Bronze
6,20,25.06,73.8,7,False,False,Other,D,1-3y,Android,Silver
1094,34,,66.7,4,False,True,Bhopal,C,1-3y,Android,Silver
872,23,16.75,40.6,5,False,False,Gurgaon,D,3-5y,Web,Bronze
966,20,72.11,66.6,1,False,False,Vijayawada,D,3-5y,Android,Gold
19,40,18.82,66.6,6,False,True,Bengaluru,C,3-5y,Web,Bronze
1011,21,56.09,82.1,4,True,True,Delhi,C,New,Web,Gold
122,34,,74.4,4,True,True,,E,5+y,Web,Gold
947,35,21.62,48.4,8,False,True,Indore,B,1-3y,Web,Bronze
662,32,20.0,,5,False,True,Other,C,5+y,iOS,Bronze
1003,28,38.18,41.8,9,False,False,Coimbatore,E,1-3y,Web,Bronze
275,46,32.7,52.5,5,False,True,Vijayawada,A,5+y,Web,Silver
434,18,35.98,43.9,1,False,True,Vijayawada,D,3-5y,Android,Bronze
812,27,96.51,59.0,7,False,True,Madurai,B,1-3y,Android,Gold
1146,38,21.3,58.0,0,False,False,Goa,B,New,Web,Bronze
312,36,49.09,49.8,2,False,False,Gurgaon,D,1-3y,Android,Bronze
1130,18,62.93,56.4,12,False,True,Ahmedabad,C,New,Web,Gold
1142,18,32.71,64.4,2,True,False,Mumbai,B,New,Android,Silver
781,32,39.89,78.1,4,False,False,Mumbai,A,1-3y,Android,Gold
547,34,26.44,,14,False,True,Delhi,B,New,Web,Gold
182,34,7.5,100.0,1,False,False,Coimbatore,D,5+y,Android,Bronze
185,36,13.85,84.3,1,True,True,Thiruvananthapuram,D,1-3y,iOS,Bronze
407,31,48.02,,1,True,True,Trichy,A,New,Web,Gold
720,23,16.21,54.2,1,True,True,Goa,A,1-3y,iOS,Bronze
1024,38,23.47,50.7,1,False,False,Trichy,C,New,iOS,Bronze
607,39,47.21,84.0,2,False,True,Kochi,a,1-3y,iOS,Gold
693,41,19.43,64.2,2,False,True,Surat,B,New,Android,Bronze
521,23,64.6,68.3,3,False,False,Other,D,1-3y,Web,Gold
866,39,33.02,59.0,4,False,True,Vizag,D,1-3y,Android,Silver
1004,38,50.65,60.5,3,False,True,Other,A,1-3y,Android,Silver
381,33,69.86,76.8,4,False,True,Pune,D,1-3y,Android,Gold
993,48,20.96,66.5,6,True,True,Thiruvananthapuram,B,3-5y,Android,Silver
411,19,42.55,52.5,3,False,True,Gurgaon,B,1-3y,Android,Silver
635,29,49.92,76.7,3,False,False,Indore,C,3-5y,Android,Silver
370,40,,68.5,9,False,False,Other,C,1-3y,Web,Silver
1088,18,127.08,61.2,3,True,True,Ahmedabad,A,1-3y,Android,Gold
1102,38,22.26,77.8,2,False,True,Other,C,3-5y,Web,Bronze
428,47,87.09,46.8,1,True,True,Chennai,B,3-5y,iOS,Gold
877,32,35.63,43.0,4,False,True,Vijayawada,A,5+y,iOS,Silver
79,38,,60.3,1,False,True,Thiruvananthapuram,A,New,Android,Silver
863,31,42.2,65.3,2,False,False,Goa,D,3-5y,Web,Silver
574,24,,63.2,5,False,True,Madurai,C,1-3y,iOS,Gold
1010,35,28.6,61.7,2,True,True,Chennai,A,3-5y,Android,Silver
1193,30,14.57,,10,False,True,Other,D,3-5y,Android,Bronze
608,36,36.3,52.1,4,True,True,,b,,iOS,Silver
1072,22,19.94,52.8,1,True,True,,A,1-3y,iOS,Bronze
1103,37,7.95,75.9,4,True,True,Bhopal,A,New,Android,Bronze
1087,19,53.3,78.9,3,False,True,Indore,B,1-3y,Android,Gold
959,32,52.71,70.7,8,False,True,Thiruvananthapuram,B,5+y,Web,Gold
560,24,37.75,44.6,3,False,False,,B,1-3y,iOS,Bronze
847,61,52.22,81.3,5,False,True,Other,B,5+y,Android,Gold
691,35,63.8,43.1,3,False,True,Chennai,B,5+y,Android,Silver
1175,31,29.88,63.6,5,True,False,Lucknow,A,1-3y,Android,Gold
1128,31,81.51,100.0,7,False,True,Indore,C,3-5y,iOS,Gold
437,27,13.75,58.9,5,False,True,Surat,A,3-5y,Web,Bronze
491,42,27.06,67.8,0,False,False,Thiruvananthapuram,A,3-5y,iOS,Bronze
475,38,237.73,65.4,2,False,True,Surat,C,New,Android,Gold
1109,44,73.87,70.1,8,False,False,Nagpur,C,1-3y,Android,Gold
70,30,50.33,40.7,7,False,True,Chennai,E,3-5y,Android,Bronze
809,29,69.83,79.4,6,False,True,Nagpur,B,1-3y,iOS,Gold
12,39,27.75,,2,False,False,Chennai,C,1-3y,Web,Bronze
145,25,20.58,56.0,3,True,True,Jaipur,D,1-3y,Android,Silver
918,37,38.53,71.4,4,False,True,Goa,B,New,iOS,Silver
640,37,22.13,67.0,2,True,False,Bhopal,C,1-3y,Android,Bronze
177,46,49.31,,2,False,False,Mysuru,C,New,iOS,Silver
995,31,,45.3,0,False,True,Other,C,New,iOS,Bronze
441,30,16.17,47.0,2,False,True,Gurgaon,D,New,Web,Bronze
522,24,16.84,85.8,2,False,False,Jaipur,D,New,iOS,Bronze
1005,32,65.81,81.4,5,False,False,Trichy,D,3-5y,Android,Gold
144,34,27.18,77.4,4,False,False,Indore,A,5+y,Android,Gold
754,50,25.34,66.3,8,False,False,Indore,A,1-3y,Android,Gold
520,47,17.39,88.8,1,False,False,Other,D,New,Android,Bronze
823,22,39.01,61.7,0,False,True,Vizag,A,5+y,iOS,Silver
429,20,44.64,79.7,5,True,True,Other,B,1-3y,Web,Gold
613,19,42.22,58.0,3,False,True,Hyderabad,D,1-3y,iOS,Silver
1033,27,17.89,61.3,5,False,True,Chennai,D,,iOS,Bronze
157,33,29.53,56.7,0,False,True,Lucknow,B,3-5y,Android,Bronze
540,25,38.61,80.9,8,False,True,Mumbai,B,New,Web,Gold
462,24,,60.3,5,True,True,Coimbatore,A,New,Web,Bronze
577,44,17.31,68.0,5,True,True,Coimbatore,C,5+y,Android,Silver
256,39,34.1,,1,True,False,Vizag,A,New,iOS,Silver
980,36,,,3,False,True,Kochi,A,1-3y,iOS,Gold
1007,38,28.26,45.4,2,True,True,Other,C,New,Android,Bronze
561,31,19.02,,10,False,True,Vijayawada,E,New,iOS,Bronze
209,24,36.14,88.5,3,False,True,Vijayawada,C,1-3y,Android,Gold
911,25,,50.5,6,False,True,Madurai,C,5+y,Web,Bronze
2,23,27.79,65.2,2,False,True,Other,b,1-3y,Android,Bronze
270,32,13.74,61.5,4,False,False,Ahmedabad,A,New,iOS,Bronze
266,41,37.13,58.1,4,False,False,Kochi,A,New,Android,Silver
915,41,47.53,93.2,3,False,True,Ahmedabad,A,1-3y,Android,Gold
231,19,31.29,70.9,1,False,True,Hyderabad,A,1-3y,Android,Silver
1196,50,19.19,69.7,3,False,True,Other,E,New,iOS,Bronze
409,18,,,4,False,False,Pune,C,1-3y,Android,Bronze
865,26,30.64,36.7,2,False,False,Surat,D,New,Web,Bronze
1067,22,50.75,72.1,2,False,True,Other,B,1-3y,Web,Silver
874,33,31.45,76.5,1,False,True,Kolkata,C,5+y,Android,Silver
1081,34,71.64,53.6,8,False,False,Kochi,A,New,Android,Silver
399,37,86.49,72.7,2,False,True,Bengaluru,C,New,Web,Silver
1103,37,7.95,75.9,4,True,True,Bhopal,A,New,Android,Bronze
46,34,37.7,77.1,3,True,True,Vijayawada,B,1-3y,iOS,Gold
162,25,60.11,64.4,4,False,True,,D,New,Android,Silver
992,45,169.64,76.6,1,False,True,Gurgaon,D,5+y,Web,Gold
728,39,20.75,80.9,2,False,False,Goa,A,New,Android,Bronze
630,18,32.06,55.2,6,False,False,Thiruvananthapuram,D,5+y,Android,Bronze
289,29,,74.6,12,False,False,Madurai,C,New,iOS,Silver
1060,36,49.17,45.1,5,False,True,Pune,A,5+y,iOS,Silver
1182,40,56.09,65.8,2,False,False,Thiruvananthapuram,A,New,Android,Silver
576,19,42.76,57.6,4,False,True,Pune,C,1-3y,Android,Silver
851,29,55.37,82.0,3,False,True,Kochi,C,1-3y,Web,Gold
912,36,47.71,60.8,12,True,False,Hyderabad,D,1-3y,Android,Gold
1096,43,60.49,62.5,1,False,False,Mysuru,A,5+y,Android,Silver
933,42,29.5,71.0,1,False,True,Delhi,D,New,iOS,Silver
248,49,83.62,66.0,1,False,False,Ahmedabad,E,New,Web,Silver
477,42,62.55,63.0,5,False,False,Thiruvananthapuram,C,1-3y,Android,Gold
86,36,,33.7,8,False,True,Coimbatore,C,1-3y,iOS,Bronze
470,23,24.73,86.3,2,False,False,Other,C,5+y,Android,Silver
226,34,22.0,59.5,4,False,True,Bhopal,C,New,Android,Bronze
775,32,17.38,68.9,5,False,True,Indore,D,1-3y,Android,Bronze
332,38,43.05,55.3,1,False,True,Other,D,1-3y,Web,Silver
234,43,14.77,48.3,4,True,True,Noida,C,1-3y,iOS,Bronze
589,34,42.87,58.4,2,False,True,Pune,B,New,iOS,Silver
476,29,14.94,60.6,9,True,,Kochi,B,New,iOS,Silver
600,18,28.46,71.5,7,False,True,Ahmedabad,C,5+y,Android,Silver
422,24,37.26,60.0,5,False,False,Nagpur,B,1-3y,Android,Silver
183,28,30.5,49.1,4,False,True,Pune,C,3-5y,Android,Bronze
989,29,,68.5,3,False,False,Surat,D,New,Android,Silver
1001,31,26.99,86.3,3,False,True,Mysuru,E,1-3y,iOS,Gold
50,33,15.4,86.5,5,False,True,Bhopal,B,1-3y,iOS,Gold
1135,31,27.71,44.2,8,True,True,Lucknow,D,,Web,Bronze
1030,41,42.3,81.2,6,True,True,Kolkata,E,1-3y,Android,Gold
530,46,37.07,100.0,6,False,True,Kolkata,D,1-3y,iOS,Gold
487,25,27.01,33.1,7,False,True,Kolkata,b,1-3y,iOS,Bronze
498,29,134.06,41.0,3,False,True,Pune,B,5+y,Android,Gold
107,23,20.99,63.9,3,False,True,Gurgaon,C,5+y,Android,Silver
444,44,51.88,93.3,1,False,True,Vizag,D,New,Web,Gold
647,38,36.97,69.3,5,False,True,Chennai,E,1-3y,iOS,Silver
1037,41,35.54,,4,True,True,Vijayawada,A,New,Android,Gold
727,35,26.35,63.3,6,True,True,Goa,C,New,Android,Silver
191,48,25.1,,5,False,False,Lucknow,A,New,iOS,Bronze
283,40,38.68,70.9,2,True,True,Mysuru,D,5+y,Web,Silver
30,36,263.43,32.1,3,False,True,Coimbatore,A,3-5y,Web,Gold
170,32,61.56,61.8,2,True,False,Mysuru,B,5+y,iOS,Gold
1002,25,32.95,79.0,7,False,True,Gurgaon,B,3-5y,Web,Gold
101,29,37.4,37.9,2,False,False,Trichy,D,1-3y,Android,Bronze
198,28,32.85,66.8,3,False,True,Hyderabad,B,New,Android,Bronze
496,40,45.51,54.0,2,True,False,Bengaluru,C,New,Web,Silver
648,18,19.63,76.2,1,False,True,Other,B,1-3y,Web,Bronze
988,35,28.07,52.3,7,True,False,Ahmedabad,b,New,Android,Silver
45,33,64.52,68.2,1,True,True,Thiruvananthapuram,C,New,Web,Gold
711,32,,74.4,2,False,False,,A,3-5y,iOS,Silver
374,40,36.06,81.4,4,False,True,Vizag,b,1-3y,Web,Gold
679,35,79.53,77.5,1,False,False,Other,A,3-5y,Android,Gold
567,31,18.6,81.4,4,False,False,Vijayawada,D,3-5y,Android,Silver
848,40,47.76,77.9,7,False,True,Mysuru,B,1-3y,Android,Gold
461,35,,44.7,1,False,True,Madurai,A,New,Android,Silver
40,38,85.27,70.4,1,False,True,Mumbai,D,5+y,iOS,Gold
435,40,42.43,80.3,4,False,False,Vijayawada,A,1-3y,Web,Gold
974,38,18.6,65.7,7,False,True,Indore,B,3-5y,iOS,Silver
1008,29,46.2,74.2,3,False,False,Kochi,A,New,Android,Bronze
457,42,44.97,54.9,5,True,True,Kochi,B,New,Android,Gold
261,30,61.67,92.6,4,False,True,Bengaluru,C,1-3y,iOS,Gold
36,42,,72.3,0,True,True,Mumbai,B,1-3y,Android,Bronze
828,31,8.68,74.3,9,False,True,Other,C,1-3y,iOS,Bronze
310,48,39.06,58.0,4,False,False,Other,D,5+y,Web,Bronze
277,25,115.01,80.3,0,False,False,Other,A,5+y,iOS,Gold
637,30,40.98,63.9,6,False,False,Ahmedabad,A,New,iOS,Silver
655,37,47.16,75.3,1,False,False,Gurgaon,D,1-3y,Web,Gold
623,34,71.11,83.6,8,False,False,,D,,Web,Gold
845,33,17.01,62.4,3,True,True,Vijayawada,E,New,Android,Silver
394,36,,74.5,5,False,True,Delhi,B,1-3y,Web,Gold
108,29,513.93,70.7,4,False,True,Mumbai,,1-3y,Web,Gold
350,45,,76.7,7,False,True,Lucknow,C,5+y,Android,Gold
525,45,67.51,64.1,5,False,True,Nagpur,C,1-3y,Web,Silver
785,32,,43.9,3,True,True,Ahmedabad,A,5+y,Android,Bronze
48,34,13.44,56.2,1,False,True,Gurgaon,A,5+y,Android,Bronze
204,38,27.71,86.5,3,True,True,Mumbai,A,New,Android,Silver
22,26,73.85,65.0,3,False,True,Lucknow,A,3-5y,iOS,Gold
403,39,236.95,37.3,2,True,False,Madurai,B,3-5y,iOS,Gold
1108,25,36.58,36.5,5,False,True,Surat,A,3-5y,Web,Silver
1155,38,,51.7,2,False,True,Kolkata,c,,Android,Bronze
990,28,49.12,50.9,1,False,True,Other,C,3-5y,Android,Bronze
742,43,38.26,,2,False,False,Goa,A,3-5y,iOS,Silver
1148,29,24.82,77.9,2,False,False,Gurgaon,C,5+y,Android,Silver
34,25,38.09,68.7,4,False,False,Trichy,D,3-5y,Android,Silver
788,30,23.81,70.1,9,False,False,Madurai,D,5+y,Web,Silver
924,27,37.69,39.1,1,False,True,Kochi,B,1-3y,Web,Bronze
1044,33,60.99,44.1,3,False,True,Ahmedabad,D,New,Android,Silver
1171,22,19.82,68.6,4,False,True,Chennai,,5+y,Android,Silver
580,35,81.17,72.8,9,False,False,Nagpur,B,1-3y,iOS,Gold
482,45,,82.5,2,False,True,Goa,D,New,iOS,Silver
932,36,,57.6,0,False,True,Lucknow,D,New,iOS,Gold
357,34,24.33,65.1,7,False,True,Trichy,A,1-3y,iOS,Silver
760,36,26.31,64.1,3,False,True,Pune,B,,iOS,Silver
93,28,29.23,70.4,7,False,True,Mumbai,D,New,Android,Silver
804,35,41.71,60.1,3,False,True,Thiruvananthapuram,A,1-3y,Android,Silver
746,40,13.47,49.6,0,False,True,Other,D,,Web,Bronze
280,34,92.8,58.0,3,False,False,Surat,C,New,Android,Silver
765,35,24.25,48.9,2,False,False,Gurgaon,A,1-3y,Android,Bronze
605,26,38.21,41.4,4,False,False,Other,C,New,Android,Bronze
1072,22,19.94,52.8,1,True,True,,A,1-3y,iOS,Bronze
401,30,35.23,66.0,4,True,True,Jaipur,B,3-5y,iOS,Gold
258,29,38.17,59.4,11,False,False,Thiruvananthapuram,A,1-3y,Android,Gold
945,35,,66.9,8,False,False,Gurgaon,B,1-3y,Android,Silver
1097,46,149.48,85.7,5,False,False,Mumbai,B,5+y,iOS,Gold
1162,29,,74.5,13,False,True,Mysuru,D,New,Android,Silver
495,29,18.27,69.6,6,False,False,Mysuru,D,,Android,Bronze
773,34,38.47,81.7,4,False,False,Noida,C,5+y,iOS,Gold
551,35,23.72,70.7,0,True,True,Trichy,D,1-3y,Android,Silver
202,45,30.39,55.2,8,False,False,Noida,C,New,Web,Bronze
313,48,59.43,87.6,7,False,False,Nagpur,A,New,Android,Gold
291,30,25.88,76.3,1,False,True,Mysuru,D,3-5y,iOS,Silver
764,38,31.89,,4,False,True,Kochi,A,1-3y,iOS,Gold
1137,33,166.39,,6,False,False,Nagpur,A,New,Android,Gold
950,18,38.95,79.2,0,False,True,Bhopal,B,1-3y,Web,Silver
184,42,33.17,36.5,4,False,True,Indore,B,New,Android,Bronze
1177,25,47.93,60.9,7,True,False,Vijayawada,A,3-5y,Android,Gold
1069,45,13.15,79.1,10,False,True,Other,A,3-5y,Android,Gold
1031,43,47.42,61.5,12,False,False,Gurgaon,D,3-5y,Android,Gold
251,29,30.36,80.6,1,False,True,Lucknow,A,New,Android,Silver
824,18,34.95,69.2,2,False,False,Mysuru,D,5+y,Web,Silver
1100,43,30.69,47.1,3,False,False,Mumbai,A,New,Web,Bronze
941,34,34.47,72.4,7,True,True,Bengaluru,D,New,Web,Gold
392,32,16.72,51.7,7,False,True,Mumbai,A,1-3y,Android,Bronze
1093,39,70.37,75.8,7,False,True,Other,b,3-5y,Android,Gold
1192,41,53.55,65.1,3,False,False,Other,B,New,Web,Bronze
905,26,,42.8,3,False,True,Mumbai,D,1-3y,Android,Bronze
731,36,14.11,80.4,2,False,True,Nagpur,D,1-3y,iOS,Bronze
555,31,66.47,71.0,6,False,True,Noida,D,1-3y,Android,Gold
367,25,19.15,72.4,8,False,True,Other,A,3-5y,Android,Gold
346,18,31.88,57.0,1,False,False,Gurgaon,A,3-5y,Android,Bronze
536,38,60.06,41.8,4,False,True,Vijayawada,D,New,Android,Silver
867,20,61.73,65.8,10,False,True,Bhopal,C,3-5y,Android,Gold
920,18,55.54,57.5,4,True,False,Kochi,C,5+y,Android,Gold
212,20,123.79,71.8,4,False,True,Bhopal,D,New,Android,Gold
503,26,39.25,80.4,0,False,True,Vizag,D,1-3y,Android,Gold
538,42,32.72,58.1,3,False,True,Madurai,B,1-3y,iOS,Silver
176,34,44.38,50.6,3,False,False,Kochi,C,New,Android,Bronze
